Seat No,Gender,DOB,Attempt,city,State,Category,Phy,Chem,Bio,Total,Year
NEET2024100001,Male,04/03/2007,1,Pune,Maharashtra,EWS,36,100,185,321,2023
NEET2024100002,Male,15/08/2006,1,Thane,Maharashtra,EWS,38,37,107,182,2024
NEET2026100003,Female,11/01/2008,1,Delhi,Delhi,OBC,169,137,172,478,2026
NEET2023100004,Male,25/10/2003,4,Aurangabad,Maharashtra,General,69,85,232,386,2025
NEET2023100005,Female,09/11/2003,1,Ratnagiri,Maharashtra,EWS,97,41,295,433,2025
NEET2023100006,Male,18/01/2007,2,Ratnagiri,Maharashtra,SC,122,177,158,457,2023
NEET2026100007,Female,11/08/2002,2,Chennai,Tamil Nadu,SC,55,127,202,384,2025
NEET2024100008,Male,08/05/2002,4,Delhi,Delhi,ST,98,48,147,293,2025
NEET2023100009,Male,06/03/2007,1,Bengaluru,Karnataka,SC,172,86,226,484,2026
NEET2024100010,Female,01/01/2003,4,Pune,Maharashtra,ST,84,175,221,480,2024
NEET2025100011,Female,20/12/2002,4,Nagpur,Maharashtra,SC,93,173,335,601,2024
NEET2023100012,Male,20/07/2001,2,Sangli,Maharashtra,ST,156,53,84,293,2023
NEET2023100013,Male,25/04/2004,3,Thane,Maharashtra,SC,149,165,188,502,2023
NEET2025100014,Male,17/04/2003,1,Thane,Maharashtra,SC,70,146,61,277,2024
NEET2023100015,Female,18/09/2001,4,Kolhapur,Maharashtra,General,71,168,331,570,2023
NEET2024100016,Male,26/01/2004,1,Kolkata,West Bengal,ST,108,91,89,288,2023
NEET2024100017,Female,12/07/2008,4,Sangli,Maharashtra,OBC,62,62,303,427,2024
NEET2026100018,Male,30/12/2007,2,Aurangabad,Maharashtra,OBC,132,125,284,541,2023
NEET2024100019,Male,16/10/2003,1,Mumbai,Maharashtra,General,180,171,177,528,2024
NEET2024100020,Female,03/10/2000,4,Kolkata,West Bengal,OBC,38,114,96,248,2024
NEET2024100021,Female,10/02/2008,4,Kolkata,West Bengal,OBC,176,177,302,655,2023
NEET2026100022,Female,01/02/2001,1,Delhi,Delhi,General,140,120,276,536,2023
NEET2024100023,Male,07/07/2004,4,Bengaluru,Karnataka,OBC,116,57,187,360,2026
NEET2026100024,Male,21/01/2002,1,Aurangabad,Maharashtra,EWS,148,93,98,339,2023
NEET2026100025,Female,17/01/2001,2,Kolkata,West Bengal,ST,90,72,268,430,2023
NEET2026100026,Female,05/11/2001,4,Thane,Maharashtra,EWS,30,129,195,354,2026
NEET2023100027,Female,26/09/2001,1,Nashik,Maharashtra,General,105,85,89,279,2026
NEET2023100028,Male,21/08/2005,1,Kolkata,West Bengal,EWS,165,70,89,324,2023
NEET2024100029,Male,28/07/2007,1,Chennai,Tamil Nadu,ST,90,133,121,344,2025
NEET2026100030,Male,04/12/2002,3,Nashik,Maharashtra,ST,110,91,195,396,2025
NEET2023100031,Male,06/06/2008,2,Kolkata,West Bengal,EWS,48,32,294,374,2025
NEET2025100032,Female,26/06/2001,2,Kolkata,West Bengal,ST,119,47,185,351,2025
NEET2025100033,Male,10/11/2006,2,Hyderabad,uu,SC,165,32,343,540,2023
NEET2025100034,Male,14/03/2001,3,Bengaluru,Karnataka,OBC,171,69,199,439,2025
NEET2026100035,Female,01/09/2005,1,Solapur,Maharashtra,General,94,43,107,244,2025
NEET2026100036,Male,24/08/2008,1,Nagpur,Maharashtra,General,97,71,286,454,2024
NEET2024100037,Female,12/02/2006,2,Mumbai,Maharashtra,General,124,179,342,645,2025
NEET2024100038,Male,02/02/2004,3,Kolkata,West Bengal,EWS,40,121,167,328,2026
NEET2024100039,Female,17/12/2006,1,Bengaluru,Karnataka,OBC,69,90,143,302,2025
NEET2024100040,Male,09/10/2008,4,Kolkata,West Bengal,General,135,93,196,424,2026
NEET2024100041,Male,30/06/2002,1,Nashik,Maharashtra,OBC,147,119,216,482,2026
NEET2026100042,Female,06/09/2003,1,Aurangabad,Maharashtra,General,47,101,239,387,2025
NEET2026100043,Female,01/01/2002,3,Ratnagiri,Maharashtra,ST,97,39,115,251,2023
NEET2023100044,Female,26/04/2004,1,Kolkata,West Bengal,EWS,177,78,190,445,2024
NEET2023100045,Female,31/01/2004,3,Thane,Maharashtra,ST,47,114,220,381,2025
NEET2024100046,Female,06/07/2004,4,Bengaluru,Karnataka,OBC,105,171,125,401,2025
NEET2024100047,Female,21/07/2004,3,Sangli,Maharashtra,ST,30,107,206,343,2026
NEET2024100048,Male,16/12/2004,3,Delhi,Delhi,EWS,84,160,302,546,2025
NEET2024100049,Male,17/01/2001,1,Chennai,Tamil Nadu,General,90,109,175,374,2024
NEET2024100050,Female,30/04/2005,4,Ratnagiri,Maharashtra,ST,48,146,272,466,2024
NEET2024100051,Male,27/08/2001,4,Delhi,Delhi,General,31,57,277,365,2024
NEET2025100052,Female,12/05/2001,4,Solapur,Maharashtra,EWS,64,148,331,543,2026
NEET2024100053,Female,13/10/2001,4,Bengaluru,Karnataka,OBC,151,145,192,488,2025
NEET2025100054,Female,06/12/2004,1,Pune,Maharashtra,OBC,103,90,199,392,2024
NEET2026100055,Female,05/08/2002,3,Thane,Maharashtra,EWS,69,84,92,245,2026
NEET2023100056,Female,30/08/2004,4,Mumbai,Maharashtra,General,82,137,259,478,2025
NEET2024100057,Female,08/05/2003,2,Hyderabad,Telangana,SC,129,137,335,601,2026
NEET2024100058,Female,12/06/2005,2,Mumbai,Maharashtra,EWS,129,116,267,512,2023
NEET2026100059,Male,01/06/2004,4,Ratnagiri,Maharashtra,OBC,174,36,102,312,2023
NEET2025100060,Female,01/12/2002,4,Thane,Maharashtra,SC,113,84,292,489,2026
NEET2023100061,Female,30/10/2002,2,Chennai,Tamil Nadu,General,50,150,69,269,2023
NEET2024100062,Male,16/06/2008,2,Mumbai,Maharashtra,ST,93,81,70,244,2023
NEET2024100063,Male,29/04/2006,2,Nashik,Maharashtra,SC,149,95,248,492,2023
NEET2026100064,Male,28/06/2006,1,Mumbai,Maharashtra,EWS,109,177,252,538,2024
NEET2023100065,Female,21/02/2001,4,Bengaluru,Karnataka,SC,107,60,349,516,2023
NEET2026100066,Male,03/09/2005,4,Delhi,Delhi,SC,117,33,275,425,2026
NEET2025100067,Female,07/12/2007,4,Nagpur,Maharashtra,ST,141,75,327,543,2025
NEET2026100068,Male,13/08/2003,4,Chennai,Tamil Nadu,EWS,92,52,202,346,2026
NEET2026100069,Male,09/10/2003,3,Mumbai,Maharashtra,SC,156,113,153,422,2025
NEET2024100070,Male,19/02/2003,2,Kolkata,West Bengal,ST,100,172,65,337,2026
NEET2026100071,Male,24/03/2006,1,Hyderabad,Telangana,SC,91,151,311,553,2024
NEET2025100072,Female,14/07/2004,3,Bengaluru,Karnataka,ST,92,108,357,557,2025
NEET2025100073,Male,12/12/2003,1,Bengaluru,Karnataka,OBC,146,99,216,461,2025
NEET2024100074,Female,04/05/2001,3,Bengaluru,Karnataka,EWS,167,77,158,402,2025
NEET2025100075,Male,15/02/2001,3,Chennai,Tamil Nadu,General,79,105,176,360,2024
NEET2024100076,Female,28/01/2003,1,Mumbai,Maharashtra,General,43,171,209,423,2025
NEET2023100077,Female,06/04/2005,4,Solapur,Maharashtra,General,142,117,154,413,2023
NEET2024100078,Male,29/06/2004,3,Solapur,Maharashtra,General,48,177,87,312,2024
NEET2026100079,Female,30/04/2001,4,Sangli,Maharashtra,SC,136,87,327,550,2026
NEET2024100080,Female,04/06/2003,1,Ratnagiri,Maharashtra,OBC,45,55,166,266,2024
NEET2026100081,Female,12/12/2001,4,Sangli,Maharashtra,SC,49,70,61,180,2023
NEET2024100082,Female,06/08/2002,2,Aurangabad,Maharashtra,ST,102,146,96,344,2023
NEET2023100083,Male,08/02/2006,2,Nashik,Maharashtra,SC,68,98,132,298,2025
NEET2025100084,Female,03/12/2004,4,Pune,Maharashtra,General,149,107,266,522,2023
NEET2023100085,Male,04/11/2004,1,Bengaluru,Karnataka,SC,112,94,73,279,2023
NEET2026100086,Female,22/07/2008,2,Hyderabad,Telangana,EWS,74,150,325,549,2026
NEET2025100087,Female,13/02/2007,3,Chennai,Tamil Nadu,SC,155,53,300,508,2023
NEET2026100088,Male,20/10/2001,4,Kolhapur,Maharashtra,General,135,156,207,498,2025
NEET2023100089,Female,30/10/2002,4,Kolhapur,Maharashtra,General,59,133,323,515,2024
NEET2024100090,Female,24/10/2005,2,Kolhapur,Maharashtra,SC,157,143,86,386,2026
NEET2024100091,Female,31/10/2007,1,Solapur,Maharashtra,EWS,61,37,182,280,2026
NEET2024100092,Female,16/01/2001,3,Nashik,Maharashtra,EWS,59,148,120,327,2025
NEET2026100093,Male,28/08/2004,4,Chennai,Tamil Nadu,OBC,153,150,184,487,2024
NEET2025100094,Male,12/10/2000,3,Aurangabad,Maharashtra,SC,136,117,319,572,2026
NEET2025100095,Female,31/08/2001,4,Solapur,Maharashtra,SC,167,153,236,556,2024
NEET2026100096,Male,27/10/2007,3,Nashik,Maharashtra,ST,176,128,179,483,2026
NEET2024100097,Female,30/04/2004,1,Delhi,Delhi,ST,68,156,78,302,2023
NEET2026100098,Male,24/11/2005,1,Kolkata,West Bengal,ST,146,33,133,312,2025
NEET2026100099,Female,18/10/2003,4,Ratnagiri,Maharashtra,EWS,131,50,228,409,2023
NEET2023100100,Female,04/12/2006,1,Pune,Maharashtra,General,90,103,176,369,2026
NEET2025100101,Male,12/11/2001,3,Bengaluru,Karnataka,SC,106,37,83,226,2025
NEET2024100102,Male,30/10/2004,2,Nagpur,Maharashtra,General,92,165,270,527,2026
NEET2024100103,Male,13/12/2006,4,Delhi,Delhi,SC,91,157,358,606,2026
NEET2024100104,Male,11/11/2002,4,Delhi,Delhi,SC,32,149,207,388,2025
NEET2024100105,Female,02/03/2007,4,Thane,Maharashtra,General,94,146,214,454,2024
NEET2025100106,Male,11/04/2004,4,Ratnagiri,Maharashtra,SC,121,177,211,509,2023
NEET2024100107,Female,07/05/2006,2,Chennai,Tamil Nadu,OBC,42,157,206,405,2025
NEET2025100108,Female,08/08/2007,1,Hyderabad,Telangana,EWS,65,54,80,199,2025
NEET2026100109,Male,18/03/2008,2,Nagpur,Maharashtra,OBC,53,105,227,385,2025
NEET2026100110,Female,14/12/2005,3,Sangli,Maharashtra,General,99,72,191,362,2026
NEET2025100111,Male,04/11/2000,4,Nagpur,Maharashtra,General,87,131,345,563,2025
NEET2026100112,Female,06/01/2006,1,Pune,Maharashtra,OBC,146,124,194,464,2026
NEET2023100113,Female,12/04/2000,3,Ratnagiri,Maharashtra,ST,173,113,173,459,2023
NEET2023100114,Male,26/07/2001,2,Mumbai,Maharashtra,EWS,39,107,312,458,2024
NEET2024100115,Female,10/05/2004,1,Solapur,Maharashtra,ST,124,168,274,566,2026
NEET2026100116,Male,19/02/2003,3,Mumbai,Maharashtra,General,124,85,287,496,2025
NEET2025100117,Male,08/02/2006,1,Kolkata,West Bengal,ST,121,45,263,429,2023
NEET2024100118,Male,07/06/2007,2,Nashik,Maharashtra,General,35,42,230,307,2024
NEET2023100119,Female,29/07/2006,2,Nashik,Maharashtra,OBC,89,114,135,338,2025
NEET2023100120,Female,14/12/2008,2,Nagpur,Maharashtra,EWS,58,36,127,221,2025
NEET2026100121,Male,05/03/2000,1,Nagpur,Maharashtra,ST,97,43,124,264,2026
NEET2024100122,Male,21/09/2008,3,Kolhapur,Maharashtra,ST,161,57,291,509,2023
NEET2026100123,Female,06/09/2000,1,Solapur,Maharashtra,General,132,139,115,386,2025
NEET2025100124,Female,27/10/2006,3,Nagpur,Maharashtra,ST,46,62,200,308,2026
NEET2026100125,Female,10/02/2001,2,Hyderabad,Telangana,ST,59,171,170,400,2025
NEET2026100126,Female,31/01/2005,3,Thane,Maharashtra,SC,136,54,220,410,2024
NEET2023100127,Male,14/09/2007,4,Kolkata,West Bengal,General,151,47,106,304,2025
NEET2025100128,Male,16/06/2001,4,Sangli,Maharashtra,SC,45,180,347,572,2026
NEET2023100129,Male,01/02/2008,2,Mumbai,Maharashtra,ST,103,109,240,452,2024
NEET2025100130,Male,19/03/2001,4,Kolhapur,Maharashtra,EWS,172,124,118,414,2023
NEET2025100131,Female,30/10/2006,3,Kolkata,West Bengal,SC,98,37,152,287,2023
NEET2023100132,Male,13/01/2002,1,Chennai,Tamil Nadu,General,66,174,265,505,2024
NEET2025100133,Female,20/03/2004,3,Thane,Maharashtra,EWS,146,117,140,403,2023
NEET2025100134,Female,03/08/2000,4,Nagpur,Maharashtra,ST,70,42,101,213,2026
NEET2025100135,Female,23/08/2004,1,Aurangabad,Maharashtra,SC,85,161,118,364,2026
NEET2026100136,Male,28/11/2005,1,Delhi,Delhi,OBC,108,41,172,321,2025
NEET2025100137,Male,15/05/2002,1,Hyderabad,Telangana,ST,65,95,208,368,2026
NEET2025100138,Male,20/12/2001,4,Nagpur,Maharashtra,General,127,166,177,470,2026
NEET2026100139,Female,17/03/2000,4,Solapur,Maharashtra,SC,49,110,354,513,2023
NEET2025100140,Male,17/07/2004,4,Mumbai,Maharashtra,General,113,73,295,481,2024
NEET2026100141,Female,19/11/2004,3,Ratnagiri,Maharashtra,OBC,132,164,100,396,2025
NEET2024100142,Female,26/09/2008,3,Nagpur,Maharashtra,OBC,49,160,118,327,2024
NEET2024100143,Male,25/02/2001,2,Nagpur,Maharashtra,ST,95,80,148,323,2026
NEET2025100144,Female,17/06/2008,2,Ratnagiri,Maharashtra,ST,178,144,349,671,2023
NEET2025100145,Male,04/04/2005,3,Solapur,Maharashtra,ST,107,100,88,295,2026
NEET2023100146,Female,03/06/2000,4,Mumbai,Maharashtra,EWS,124,103,99,326,2023
NEET2026100147,Male,16/01/2005,1,Kolkata,West Bengal,ST,176,78,224,478,2023
NEET2023100148,Male,07/11/2003,4,Bengaluru,Karnataka,ST,51,159,148,358,2024
NEET2025100149,Male,30/01/2004,3,Kolhapur,Maharashtra,General,102,129,269,500,2025
NEET2024100150,Female,22/01/2001,1,Sangli,Maharashtra,EWS,128,102,189,419,2024
NEET2025100151,Female,03/12/2003,3,Aurangabad,Maharashtra,OBC,130,63,103,296,2023
NEET2023100152,Female,31/03/2007,3,Delhi,Delhi,OBC,138,160,245,543,2024
NEET2024100153,Male,31/10/2003,1,Hyderabad,Telangana,SC,154,79,175,408,2023
NEET2025100154,Male,10/09/2005,4,Hyderabad,Telangana,OBC,168,164,79,411,2024
NEET2026100155,Female,10/01/2002,2,Chennai,Tamil Nadu,ST,72,142,82,296,2025
NEET2024100156,Female,08/06/2008,4,Bengaluru,Karnataka,OBC,144,89,333,566,2025
NEET2026100157,Female,10/08/2007,2,Ratnagiri,Maharashtra,OBC,142,148,204,494,2024
NEET2023100158,Male,21/10/2002,3,Mumbai,Maharashtra,General,153,125,343,621,2024
NEET2023100159,Male,22/01/2003,4,Solapur,Maharashtra,SC,161,67,283,511,2023
NEET2024100160,Female,26/08/2004,1,Mumbai,Maharashtra,SC,131,158,251,540,2024
NEET2024100161,Male,25/04/2000,3,Kolhapur,Maharashtra,ST,55,115,134,304,2024
NEET2023100162,Male,05/07/2008,3,Bengaluru,Karnataka,OBC,150,144,62,356,2024
NEET2025100163,Male,25/02/2006,3,Bengaluru,Karnataka,General,165,138,116,419,2023
NEET2026100164,Male,03/09/2002,2,Thane,Maharashtra,OBC,147,46,116,309,2025
NEET2026100165,Male,24/10/2004,1,Mumbai,Maharashtra,EWS,120,91,352,563,2025
NEET2023100166,Female,04/10/2000,4,Sangli,Maharashtra,General,169,159,319,647,2026
NEET2025100167,Male,09/03/2004,1,Aurangabad,Maharashtra,EWS,34,121,94,249,2025
NEET2024100168,Female,30/06/2001,4,Mumbai,Maharashtra,OBC,120,169,233,522,2024
NEET2024100169,Male,15/09/2000,2,Bengaluru,Karnataka,General,147,39,210,396,2025
NEET2025100170,Male,24/06/2003,2,Sangli,Maharashtra,SC,131,169,302,602,2025
NEET2025100171,Female,03/10/2008,4,Mumbai,Maharashtra,ST,114,99,123,336,2026
NEET2025100172,Male,20/10/2003,4,Nagpur,Maharashtra,General,157,157,248,562,2026
NEET2025100173,Male,03/10/2006,1,Chennai,Tamil Nadu,SC,76,169,210,455,2025
NEET2025100174,Female,09/06/2003,1,Solapur,Maharashtra,SC,139,72,287,498,2026
NEET2025100175,Male,29/01/2003,1,Delhi,Delhi,OBC,44,49,267,360,2026
NEET2025100176,Female,22/05/2000,1,Nagpur,Maharashtra,EWS,47,90,247,384,2024
NEET2023100177,Male,13/08/2007,3,Solapur,Maharashtra,ST,124,125,287,536,2025
NEET2024100178,Female,14/04/2007,4,Aurangabad,Maharashtra,EWS,93,59,73,225,2023
NEET2025100179,Female,08/12/2002,2,Hyderabad,Telangana,General,96,144,169,409,2024
NEET2025100180,Female,30/10/2000,1,Solapur,Maharashtra,EWS,74,143,104,321,2025
NEET2024100181,Male,13/05/2003,2,Chennai,Tamil Nadu,OBC,70,74,245,389,2024
NEET2025100182,Female,11/11/2008,2,Solapur,Maharashtra,EWS,36,122,343,501,2023
NEET2026100183,Female,26/09/2000,1,Aurangabad,Maharashtra,OBC,131,152,329,612,2025
NEET2025100184,Male,16/03/2007,2,Pune,Maharashtra,OBC,145,149,324,618,2026
NEET2024100185,Female,21/08/2005,2,Kolkata,West Bengal,OBC,44,61,325,430,2025
NEET2023100186,Female,15/12/2007,2,Nashik,Maharashtra,EWS,118,162,205,485,2025
NEET2024100187,Male,27/05/2001,2,Delhi,Delhi,EWS,107,166,107,380,2025
NEET2025100188,Male,27/04/2006,4,Mumbai,Maharashtra,EWS,37,50,83,170,2023
NEET2026100189,Male,01/08/2005,4,Kolkata,West Bengal,SC,169,104,214,487,2026
NEET2026100190,Female,25/10/2000,4,Bengaluru,Karnataka,OBC,45,70,285,400,2025
NEET2026100191,Male,20/10/2006,3,Nagpur,Maharashtra,EWS,110,111,236,457,2023
NEET2026100192,Male,31/07/2003,2,Nashik,Maharashtra,General,149,61,196,406,2023
NEET2025100193,Female,03/04/2003,2,Thane,Maharashtra,OBC,137,93,141,371,2026
NEET2023100194,Male,09/10/2005,4,Solapur,Maharashtra,EWS,157,108,314,579,2026
NEET2023100195,Female,13/09/2002,4,Nashik,Maharashtra,EWS,179,120,84,383,2026
NEET2024100196,Female,16/03/2003,3,Sangli,Maharashtra,ST,32,57,280,369,2025
NEET2024100197,Female,04/07/2000,3,Thane,Maharashtra,General,43,175,347,565,2026
NEET2024100198,Male,27/08/2005,4,Solapur,Maharashtra,SC,170,101,120,391,2025
NEET2026100199,Male,03/04/2006,1,Kolhapur,Maharashtra,General,66,80,320,466,2024
NEET2024100200,Male,01/01/2008,3,Kolhapur,Maharashtra,EWS,151,162,293,606,2025
NEET2026100201,Female,27/10/2001,4,Thane,Maharashtra,General,106,116,319,541,2025
NEET2025100202,Male,18/09/2003,4,Delhi,Delhi,SC,58,136,358,552,2024
NEET2026100203,Male,02/02/2008,2,Mumbai,Maharashtra,General,179,152,147,478,2023
NEET2024100204,Female,20/02/2002,2,Mumbai,Maharashtra,ST,142,110,274,526,2026
NEET2024100205,Female,01/04/2008,4,Bengaluru,Karnataka,EWS,45,65,325,435,2026
NEET2025100206,Female,09/07/2003,4,Nagpur,Maharashtra,OBC,147,166,235,548,2024
NEET2025100207,Male,16/02/2003,4,Sangli,Maharashtra,SC,106,87,212,405,2026
NEET2026100208,Female,29/11/2003,3,Sangli,Maharashtra,OBC,100,103,122,325,2025
NEET2025100209,Female,21/06/2000,2,Aurangabad,Maharashtra,OBC,50,118,286,454,2025
NEET2024100210,Male,21/04/2006,1,Bengaluru,Karnataka,EWS,99,65,115,279,2024
NEET2025100211,Female,26/02/2007,1,Nashik,Maharashtra,OBC,43,55,271,369,2023
NEET2026100212,Male,04/03/2006,3,Kolkata,West Bengal,SC,70,134,303,507,2025
NEET2023100213,Male,30/03/2007,4,Mumbai,Maharashtra,OBC,52,176,178,406,2023
NEET2023100214,Male,14/06/2004,3,Hyderabad,Telangana,EWS,156,77,208,441,2023
NEET2026100215,Male,04/10/2003,4,Aurangabad,Maharashtra,SC,146,169,328,643,2024
NEET2024100216,Male,06/04/2001,3,Kolhapur,Maharashtra,SC,71,147,191,409,2024
NEET2025100217,Male,19/12/2001,4,Ratnagiri,Maharashtra,General,133,139,323,595,2024
NEET2025100218,Female,29/07/2001,2,Solapur,Maharashtra,ST,112,93,63,268,2025
NEET2025100219,Female,12/09/2003,2,Aurangabad,Maharashtra,General,179,176,65,420,2023
NEET2025100220,Male,21/03/2005,3,Aurangabad,Maharashtra,SC,70,133,317,520,2024
NEET2025100221,Female,16/06/2002,4,Nagpur,Maharashtra,EWS,152,69,292,513,2024
NEET2025100222,Male,17/07/2008,1,Nashik,Maharashtra,General,50,164,288,502,2024
NEET2026100223,Male,03/06/2006,2,Sangli,Maharashtra,EWS,68,72,227,367,2026
NEET2026100224,Male,07/01/2001,4,Kolkata,West Bengal,ST,160,144,88,392,2023
NEET2025100225,Male,07/04/2006,2,Solapur,Maharashtra,EWS,108,35,262,405,2023
NEET2023100226,Male,04/07/2000,4,Thane,Maharashtra,General,118,46,337,501,2025
NEET2026100227,Female,01/08/2004,4,Nagpur,Maharashtra,ST,64,137,251,452,2023
NEET2023100228,Male,28/08/2007,4,Delhi,Delhi,EWS,168,64,238,470,2024
NEET2026100229,Female,29/02/2008,4,Nashik,Maharashtra,OBC,30,35,212,277,2024
NEET2023100230,Male,01/03/2005,4,Kolhapur,Maharashtra,EWS,69,100,156,325,2023
NEET2026100231,Male,12/09/2002,2,Nashik,Maharashtra,General,47,55,77,179,2026
NEET2024100232,Female,02/12/2004,2,Nashik,Maharashtra,EWS,168,85,88,341,2025
NEET2024100233,Male,23/06/2006,4,Ratnagiri,Maharashtra,SC,112,90,214,416,2025
NEET2026100234,Male,06/09/2000,3,Sangli,Maharashtra,ST,74,139,344,557,2025
NEET2026100235,Male,23/10/2007,4,Thane,Maharashtra,OBC,134,68,213,415,2024
NEET2026100236,Female,16/05/2003,2,Chennai,Tamil Nadu,ST,66,148,89,303,2024
NEET2025100237,Male,10/11/2002,2,Nashik,Maharashtra,General,114,50,290,454,2025
NEET2024100238,Female,24/03/2004,2,Delhi,Delhi,SC,40,48,156,244,2025
NEET2024100239,Male,03/03/2000,4,Nashik,Maharashtra,OBC,78,60,305,443,2025
NEET2025100240,Female,11/09/2008,3,Aurangabad,Maharashtra,SC,127,149,333,609,2026
NEET2025100241,Female,23/03/2005,4,Pune,Maharashtra,General,150,111,164,425,2024
NEET2026100242,Female,24/04/2008,2,Nagpur,Maharashtra,OBC,34,96,343,473,2025
NEET2025100243,Female,31/07/2002,4,Thane,Maharashtra,ST,175,92,315,582,2026
NEET2026100244,Male,20/11/2001,1,Bengaluru,Karnataka,EWS,120,73,131,324,2023
NEET2024100245,Male,31/10/2000,1,Chennai,Tamil Nadu,OBC,42,31,271,344,2023
NEET2026100246,Female,14/06/2002,1,Sangli,Maharashtra,General,146,125,90,361,2026
NEET2025100247,Male,18/02/2000,4,Mumbai,Maharashtra,OBC,165,100,334,599,2023
NEET2025100248,Female,29/01/2001,3,Sangli,Maharashtra,ST,68,91,158,317,2023
NEET2024100249,Female,08/03/2004,1,Thane,Maharashtra,General,147,174,184,505,2023
NEET2023100250,Male,18/07/2004,2,Thane,Maharashtra,General,126,171,303,600,2026
NEET2023100251,Male,12/11/2004,2,Delhi,Delhi,EWS,114,174,108,396,2026
NEET2023100252,Male,15/01/2003,3,Mumbai,Maharashtra,General,49,101,338,488,2024
NEET2024100253,Male,01/08/2006,4,Nagpur,Maharashtra,EWS,131,49,213,393,2025
NEET2025100254,Male,21/04/2004,1,Hyderabad,Telangana,ST,65,50,316,431,2024
NEET2025100255,Female,07/11/2000,4,Kolhapur,Maharashtra,OBC,131,113,75,319,2025
NEET2026100256,Male,15/03/2006,3,Thane,Maharashtra,OBC,140,77,359,576,2023
NEET2026100257,Female,02/12/2000,3,Aurangabad,Maharashtra,General,69,127,138,334,2023
NEET2023100258,Male,22/01/2000,1,Aurangabad,Maharashtra,OBC,143,122,198,463,2026
NEET2023100259,Male,12/01/2005,1,Sangli,Maharashtra,SC,172,161,268,601,2023
NEET2025100260,Female,11/09/2006,4,Ratnagiri,Maharashtra,General,113,128,66,307,2024
NEET2024100261,Female,31/05/2006,3,Sangli,Maharashtra,SC,73,127,146,346,2026
NEET2026100262,Female,20/08/2001,4,Pune,Maharashtra,General,72,141,201,414,2025
NEET2023100263,Male,27/10/2002,3,Nashik,Maharashtra,General,156,80,294,530,2026
NEET2025100264,Female,22/09/2003,2,Chennai,Tamil Nadu,SC,127,114,285,526,2025
NEET2024100265,Female,06/10/2006,3,Bengaluru,Karnataka,SC,81,152,220,453,2026
NEET2025100266,Female,16/06/2006,3,Hyderabad,Telangana,General,92,113,252,457,2024
NEET2026100267,Male,22/08/2006,4,Sangli,Maharashtra,SC,76,170,73,319,2023
NEET2025100268,Male,03/12/2008,3,Hyderabad,Telangana,OBC,134,157,131,422,2026
NEET2026100269,Female,06/11/2008,1,Thane,Maharashtra,SC,48,144,305,497,2023
NEET2023100270,Female,23/03/2001,3,Hyderabad,Telangana,ST,93,120,145,358,2023
NEET2024100271,Female,13/02/2000,3,Pune,Maharashtra,ST,96,86,321,503,2026
NEET2025100272,Male,29/08/2008,4,Delhi,Delhi,General,180,158,137,475,2025
NEET2025100273,Female,30/08/2004,3,Kolkata,West Bengal,ST,51,59,132,242,2024
NEET2026100274,Female,04/11/2005,3,Solapur,Maharashtra,General,119,151,109,379,2025
NEET2023100275,Male,02/07/2000,2,Hyderabad,Telangana,EWS,59,35,235,329,2024
NEET2026100276,Male,10/03/2006,4,Nagpur,Maharashtra,OBC,114,173,278,565,2024
NEET2024100277,Female,08/03/2007,4,Delhi,Delhi,ST,140,131,74,345,2023
NEET2023100278,Male,26/11/2007,3,Nashik,Maharashtra,SC,82,101,92,275,2024
NEET2025100279,Female,17/02/2005,4,Pune,Maharashtra,EWS,97,155,330,582,2023
NEET2023100280,Male,26/11/2003,3,Kolhapur,Maharashtra,General,147,74,212,433,2024
NEET2026100281,Female,04/06/2003,2,Pune,Maharashtra,EWS,76,125,132,333,2026
NEET2024100282,Female,28/09/2004,3,Nagpur,Maharashtra,OBC,154,167,148,469,2024
NEET2023100283,Female,12/07/2003,2,Chennai,Tamil Nadu,OBC,145,43,243,431,2026
NEET2026100284,Female,19/04/2006,4,Sangli,Maharashtra,OBC,156,134,311,601,2023
NEET2025100285,Male,04/05/2006,3,Mumbai,Maharashtra,OBC,86,104,76,266,2026
NEET2023100286,Male,05/05/2006,3,Bengaluru,Karnataka,EWS,156,170,321,647,2025
NEET2024100287,Female,29/01/2006,1,Chennai,Tamil Nadu,OBC,40,142,339,521,2025
NEET2026100288,Male,12/05/2000,2,Solapur,Maharashtra,OBC,97,119,104,320,2025
NEET2024100289,Male,21/12/2007,1,Ratnagiri,Maharashtra,EWS,139,72,131,342,2025
NEET2025100290,Female,20/12/2005,3,Aurangabad,Maharashtra,EWS,167,73,225,465,2023
NEET2024100291,Male,09/07/2001,2,Hyderabad,Telangana,OBC,135,45,201,381,2025
NEET2025100292,Female,10/10/2002,4,Hyderabad,Telangana,ST,130,155,132,417,2023
NEET2025100293,Female,08/02/2007,4,Hyderabad,Telangana,ST,53,133,323,509,2025
NEET2023100294,Female,11/07/2006,2,Mumbai,Maharashtra,ST,53,147,243,443,2024
NEET2024100295,Female,19/07/2005,3,Aurangabad,Maharashtra,General,112,102,232,446,2023
NEET2024100296,Female,11/02/2001,4,Delhi,Delhi,General,147,34,123,304,2026
NEET2025100297,Male,08/04/2002,3,Bengaluru,Karnataka,SC,63,107,141,311,2023
NEET2025100298,Male,03/03/2004,4,Delhi,Delhi,General,72,43,262,377,2023
NEET2024100299,Female,05/01/2000,1,Nashik,Maharashtra,General,152,49,127,328,2025
NEET2023100300,Male,08/05/2001,4,Chennai,Tamil Nadu,General,138,63,304,505,2023
NEET2026100301,Male,26/02/2001,2,Kolhapur,Maharashtra,General,124,106,130,360,2023
NEET2024100302,Male,04/11/2006,4,Delhi,Delhi,EWS,72,142,239,453,2026
NEET2026100303,Female,08/06/2002,4,Pune,Maharashtra,SC,55,65,123,243,2024
NEET2025100304,Male,11/10/2002,3,Aurangabad,Maharashtra,OBC,51,93,343,487,2024
NEET2026100305,Female,21/05/2008,1,Thane,Maharashtra,OBC,105,43,182,330,2026
NEET2025100306,Female,26/02/2007,2,Ratnagiri,Maharashtra,ST,48,165,66,279,2026
NEET2023100307,Male,05/02/2004,1,Sangli,Maharashtra,SC,74,150,97,321,2024
NEET2025100308,Female,12/06/2000,4,Kolkata,West Bengal,ST,45,131,319,495,2023
NEET2023100309,Female,08/03/2007,1,Sangli,Maharashtra,EWS,167,69,202,438,2024
NEET2023100310,Female,28/09/2001,4,Sangli,Maharashtra,OBC,113,130,360,603,2023
NEET2023100311,Female,28/09/2002,2,Pune,Maharashtra,General,141,59,292,492,2023
NEET2025100312,Female,09/12/2007,2,Nagpur,Maharashtra,SC,32,71,314,417,2024
NEET2025100313,Female,29/05/2008,3,Hyderabad,Telangana,EWS,98,60,75,233,2023
NEET2026100314,Female,13/12/2002,1,Bengaluru,Karnataka,ST,177,49,314,540,2024
NEET2023100315,Male,15/02/2004,1,Nagpur,Maharashtra,General,95,56,353,504,2023
NEET2024100316,Male,28/09/2002,1,Mumbai,Maharashtra,EWS,150,123,256,529,2026
NEET2025100317,Male,08/07/2002,3,Kolhapur,Maharashtra,General,93,136,223,452,2023
NEET2023100318,Female,04/01/2002,3,Nashik,Maharashtra,SC,162,41,265,468,2025
NEET2024100319,Female,19/12/2000,3,Sangli,Maharashtra,EWS,146,32,248,426,2024
NEET2024100320,Male,15/03/2005,1,Kolhapur,Maharashtra,ST,156,80,339,575,2023
NEET2023100321,Female,12/08/2002,3,Sangli,Maharashtra,General,118,32,231,381,2024
NEET2024100322,Female,10/12/2005,1,Nashik,Maharashtra,General,137,155,90,382,2024
NEET2023100323,Male,29/10/2005,4,Thane,Maharashtra,General,125,147,103,375,2023
NEET2025100324,Female,16/11/2004,4,Delhi,Delhi,SC,63,90,209,362,2025
NEET2024100325,Male,28/01/2005,2,Aurangabad,Maharashtra,General,89,49,163,301,2024
NEET2025100326,Male,15/01/2005,4,Solapur,Maharashtra,SC,110,134,121,365,2026
NEET2025100327,Male,21/12/2002,2,Chennai,Tamil Nadu,SC,60,53,140,253,2024
NEET2023100328,Female,08/01/2001,3,Bengaluru,Karnataka,OBC,93,121,262,476,2023
NEET2024100329,Male,14/07/2004,4,Chennai,Tamil Nadu,General,145,172,341,658,2024
NEET2024100330,Female,12/05/2001,3,Mumbai,Maharashtra,General,45,86,126,257,2025
NEET2024100331,Male,03/11/2000,3,Mumbai,Maharashtra,General,46,80,287,413,2023
NEET2026100332,Female,03/03/2005,1,Mumbai,Maharashtra,ST,73,176,281,530,2026
NEET2025100333,Female,08/12/2001,2,Kolhapur,Maharashtra,General,84,77,200,361,2024
NEET2026100334,Male,05/04/2007,1,Aurangabad,Maharashtra,SC,157,135,341,633,2026
NEET2023100335,Female,16/07/2001,3,Thane,Maharashtra,ST,81,164,187,432,2026
NEET2026100336,Female,10/11/2003,2,Kolkata,West Bengal,General,174,158,224,556,2025
NEET2026100337,Female,11/09/2006,2,Nashik,Maharashtra,OBC,37,101,89,227,2023
NEET2023100338,Male,12/10/2002,4,Delhi,Delhi,SC,91,98,333,522,2024
NEET2025100339,Male,22/12/2001,2,Nashik,Maharashtra,ST,111,121,74,306,2025
NEET2024100340,Male,20/12/2001,1,Solapur,Maharashtra,EWS,39,53,88,180,2026
NEET2024100341,Female,03/01/2000,1,Kolhapur,Maharashtra,General,81,63,234,378,2024
NEET2025100342,Male,30/07/2006,3,Bengaluru,Karnataka,ST,66,58,329,453,2023
NEET2026100343,Female,10/10/2003,3,Aurangabad,Maharashtra,OBC,112,64,140,316,2025
NEET2025100344,Female,03/07/2002,2,Delhi,Delhi,OBC,180,74,253,507,2023
NEET2024100345,Female,15/11/2007,2,Ratnagiri,Maharashtra,EWS,130,175,76,381,2023
NEET2025100346,Female,25/07/2005,2,Nagpur,Maharashtra,General,114,49,181,344,2025
NEET2023100347,Female,03/01/2005,3,Mumbai,Maharashtra,General,97,83,187,367,2023
NEET2026100348,Female,16/07/2000,4,Thane,Maharashtra,SC,142,137,145,424,2026
NEET2024100349,Female,19/02/2001,1,Chennai,Tamil Nadu,General,152,177,175,504,2025
NEET2025100350,Male,23/03/2000,4,Kolhapur,Maharashtra,OBC,96,56,97,249,2023
NEET2023100351,Female,18/02/2006,2,Kolkata,West Bengal,EWS,53,116,307,476,2026
NEET2024100352,Female,05/10/2001,3,Mumbai,Maharashtra,SC,55,114,165,334,2025
NEET2026100353,Male,30/08/2002,1,Pune,Maharashtra,SC,42,130,352,524,2023
NEET2023100354,Male,17/10/2004,2,Pune,Maharashtra,OBC,105,152,162,419,2025
NEET2026100355,Female,01/12/2000,3,Solapur,Maharashtra,General,59,108,263,430,2026
NEET2026100356,Male,27/01/2002,3,Kolhapur,Maharashtra,ST,127,124,155,406,2026
NEET2024100357,Male,14/12/2002,1,Nashik,Maharashtra,SC,98,174,91,363,2026
NEET2026100358,Female,25/06/2008,4,Ratnagiri,Maharashtra,EWS,88,171,91,350,2024
NEET2024100359,Male,04/05/2005,4,Aurangabad,Maharashtra,OBC,50,131,77,258,2024
NEET2026100360,Male,17/05/2002,4,Hyderabad,Telangana,OBC,79,62,81,222,2024
NEET2026100361,Female,03/09/2006,3,Aurangabad,Maharashtra,SC,111,47,104,262,2026
NEET2023100362,Female,20/02/2000,2,Hyderabad,Telangana,OBC,180,163,274,617,2023
NEET2025100363,Female,08/03/2001,3,Ratnagiri,Maharashtra,ST,55,103,334,492,2026
NEET2025100364,Female,01/06/2006,2,Ratnagiri,Maharashtra,EWS,151,39,148,338,2026
NEET2026100365,Female,07/06/2000,3,Thane,Maharashtra,General,114,90,85,289,2025
NEET2023100366,Male,24/11/2008,2,Aurangabad,Maharashtra,SC,109,101,311,521,2026
NEET2023100367,Male,05/09/2008,4,Chennai,Tamil Nadu,OBC,112,98,273,483,2026
NEET2024100368,Male,22/04/2008,3,Solapur,Maharashtra,EWS,162,125,88,375,2026
NEET2024100369,Male,09/07/2001,2,Hyderabad,Telangana,General,164,175,74,413,2024
NEET2025100370,Female,15/05/2000,4,Solapur,Maharashtra,EWS,42,122,161,325,2026
NEET2025100371,Female,15/02/2007,4,Kolkata,West Bengal,OBC,61,37,183,281,2026
NEET2025100372,Male,31/07/2006,3,Sangli,Maharashtra,General,119,118,143,380,2026
NEET2024100373,Male,22/07/2000,3,Nagpur,Maharashtra,ST,176,84,173,433,2023
NEET2024100374,Male,01/10/2008,2,Hyderabad,Telangana,SC,32,151,127,310,2025
NEET2025100375,Female,29/12/2007,3,Bengaluru,Karnataka,OBC,100,138,252,490,2026
NEET2023100376,Male,22/05/2003,3,Delhi,Delhi,EWS,163,131,359,653,2025
NEET2025100377,Female,07/05/2003,3,Delhi,Delhi,SC,57,153,92,302,2025
NEET2024100378,Male,11/05/2007,4,Bengaluru,Karnataka,SC,106,78,136,320,2024
NEET2026100379,Female,02/02/2008,4,Mumbai,Maharashtra,General,157,105,192,454,2024
NEET2025100380,Female,06/11/2003,2,Bengaluru,Karnataka,EWS,86,166,303,555,2024
NEET2024100381,Female,18/04/2003,1,Pune,Maharashtra,OBC,150,62,192,404,2025
NEET2025100382,Female,03/07/2002,3,Bengaluru,Karnataka,ST,108,137,229,474,2023
NEET2026100383,Male,11/04/2005,1,Mumbai,Maharashtra,ST,179,178,96,453,2025
NEET2025100384,Female,19/08/2004,4,Mumbai,Maharashtra,OBC,68,65,162,295,2025
NEET2024100385,Female,10/01/2008,1,Nagpur,Maharashtra,General,50,154,230,434,2026
NEET2026100386,Male,25/01/2003,2,Nashik,Maharashtra,EWS,73,177,141,391,2026
NEET2026100387,Male,07/02/2007,1,Thane,Maharashtra,EWS,133,139,304,576,2024
NEET2024100388,Male,11/03/2008,1,Kolhapur,Maharashtra,OBC,33,112,331,476,2024
NEET2023100389,Female,11/10/2007,3,Kolkata,West Bengal,OBC,118,109,126,353,2023
NEET2025100390,Female,06/07/2000,2,Aurangabad,Maharashtra,SC,104,146,326,576,2026
NEET2023100391,Male,11/01/2004,2,Hyderabad,Telangana,OBC,78,72,266,416,2024
NEET2023100392,Female,25/03/2008,1,Mumbai,Maharashtra,ST,180,159,146,485,2025
NEET2023100393,Male,25/08/2008,1,Sangli,Maharashtra,ST,42,42,115,199,2026
NEET2024100394,Male,06/04/2004,1,Pune,Maharashtra,SC,170,94,302,566,2026
NEET2026100395,Male,03/06/2007,1,Pune,Maharashtra,SC,163,99,130,392,2023
NEET2025100396,Male,19/10/2008,3,Pune,Maharashtra,ST,157,80,162,399,2025
NEET2026100397,Female,18/10/2001,2,Mumbai,Maharashtra,General,170,157,166,493,2023
NEET2024100398,Male,14/07/2007,1,Pune,Maharashtra,General,58,176,312,546,2025
NEET2026100399,Male,24/03/2007,1,Nashik,Maharashtra,OBC,146,105,195,446,2023
NEET2023100400,Male,05/04/2003,1,Kolhapur,Maharashtra,OBC,110,139,119,368,2024
NEET2025100401,Female,08/09/2003,2,Kolhapur,Maharashtra,General,142,98,107,347,2026
NEET2026100402,Male,27/06/2004,1,Solapur,Maharashtra,OBC,99,128,304,531,2023
NEET2026100403,Male,14/10/2001,4,Pune,Maharashtra,SC,136,153,351,640,2023
NEET2023100404,Female,04/09/2007,4,Kolkata,West Bengal,General,63,153,309,525,2023
NEET2024100405,Female,07/12/2002,1,Delhi,Delhi,ST,110,33,328,471,2024
NEET2023100406,Male,27/05/2005,2,Kolhapur,Maharashtra,EWS,128,68,345,541,2026
NEET2025100407,Male,23/07/2005,3,Chennai,Tamil Nadu,SC,72,49,311,432,2023
NEET2024100408,Male,07/09/2005,4,Nashik,Maharashtra,ST,170,126,266,562,2026
NEET2023100409,Female,26/12/2000,1,Chennai,Tamil Nadu,General,157,144,221,522,2026
NEET2023100410,Female,15/08/2004,2,Mumbai,Maharashtra,ST,172,170,60,402,2025
NEET2025100411,Female,28/01/2004,3,Chennai,Tamil Nadu,ST,43,87,292,422,2023
NEET2025100412,Female,03/02/2001,3,Hyderabad,Telangana,General,86,30,234,350,2023
NEET2025100413,Male,03/11/2001,2,Solapur,Maharashtra,General,65,134,114,313,2026
NEET2026100414,Male,02/06/2002,1,Solapur,Maharashtra,ST,78,116,115,309,2026
NEET2023100415,Male,21/05/2007,4,Ratnagiri,Maharashtra,EWS,159,64,315,538,2026
NEET2024100416,Male,13/09/2005,4,Hyderabad,Telangana,EWS,75,178,148,401,2025
NEET2025100417,Female,26/08/2005,3,Kolkata,West Bengal,SC,128,137,187,452,2026
NEET2025100418,Male,30/06/2001,2,Nagpur,Maharashtra,OBC,135,161,213,509,2025
NEET2025100419,Male,13/09/2007,3,Kolhapur,Maharashtra,EWS,63,75,317,455,2026
NEET2026100420,Male,15/07/2006,1,Ratnagiri,Maharashtra,General,136,166,206,508,2026
NEET2024100421,Female,18/08/2001,3,Mumbai,Maharashtra,OBC,44,81,196,321,2023
NEET2023100422,Female,29/09/2007,4,Hyderabad,Telangana,General,105,82,337,524,2024
NEET2025100423,Male,28/04/2008,4,Delhi,Delhi,ST,173,129,181,483,2026
NEET2023100424,Female,02/11/2008,2,Delhi,Delhi,EWS,110,171,87,368,2026
NEET2024100425,Male,12/07/2002,3,Kolkata,West Bengal,ST,124,180,339,643,2024
NEET2023100426,Female,28/08/2007,1,Pune,Maharashtra,ST,77,74,323,474,2025
NEET2025100427,Male,29/03/2006,3,Aurangabad,Maharashtra,ST,63,71,359,493,2024
NEET2026100428,Female,12/06/2000,1,Nagpur,Maharashtra,SC,112,43,214,369,2024
NEET2026100429,Female,23/01/2002,1,Sangli,Maharashtra,SC,47,159,141,347,2024
NEET2025100430,Male,23/05/2002,4,Delhi,Delhi,EWS,114,114,244,472,2023
NEET2024100431,Male,14/04/2001,3,Delhi,Delhi,ST,118,144,183,445,2023
NEET2025100432,Female,29/04/2004,4,Aurangabad,Maharashtra,General,168,102,72,342,2025
NEET2023100433,Male,22/04/2007,1,Nashik,Maharashtra,General,112,161,102,375,2024
NEET2024100434,Female,08/07/2007,1,Delhi,Delhi,OBC,84,138,113,335,2023
NEET2023100435,Male,23/02/2005,2,Bengaluru,Karnataka,SC,114,39,104,257,2023
NEET2026100436,Female,13/06/2006,4,Chennai,Tamil Nadu,ST,88,96,268,452,2025
NEET2023100437,Male,10/03/2000,1,Thane,Maharashtra,SC,60,166,63,289,2023
NEET2026100438,Female,02/04/2003,4,Hyderabad,Telangana,General,107,52,204,363,2026
NEET2025100439,Male,02/10/2001,3,Sangli,Maharashtra,SC,86,64,260,410,2023
NEET2023100440,Male,17/03/2006,4,Chennai,Tamil Nadu,EWS,172,66,123,361,2023
NEET2024100441,Male,02/06/2003,2,Nashik,Maharashtra,OBC,118,84,271,473,2025
NEET2026100442,Male,06/03/2002,3,Pune,Maharashtra,General,76,175,87,338,2025
NEET2025100443,Male,06/02/2001,2,Nashik,Maharashtra,General,178,154,229,561,2025
NEET2026100444,Female,12/12/2006,3,Pune,Maharashtra,EWS,79,111,308,498,2024
NEET2024100445,Male,05/05/2006,3,Ratnagiri,Maharashtra,OBC,123,110,279,512,2024
NEET2024100446,Female,27/12/2007,4,Bengaluru,Karnataka,ST,141,100,244,485,2026
NEET2023100447,Male,09/01/2004,1,Hyderabad,Telangana,SC,108,154,342,604,2024
NEET2023100448,Male,15/01/2006,4,Nashik,Maharashtra,EWS,97,49,98,244,2024
NEET2026100449,Male,30/05/2000,3,Sangli,Maharashtra,ST,96,169,336,601,2024
NEET2023100450,Female,28/08/2008,3,Ratnagiri,Maharashtra,EWS,104,64,297,465,2023
NEET2026100451,Male,07/06/2007,2,Nashik,Maharashtra,EWS,72,161,131,364,2024
NEET2024100452,Female,02/04/2008,2,Bengaluru,Karnataka,General,153,121,80,354,2025
NEET2025100453,Female,22/02/2004,4,Nashik,Maharashtra,ST,40,82,325,447,2023
NEET2025100454,Female,12/06/2000,2,Delhi,Delhi,ST,112,56,326,494,2026
NEET2026100455,Male,05/02/2004,4,Ratnagiri,Maharashtra,SC,49,162,188,399,2025
NEET2024100456,Female,17/06/2005,2,Hyderabad,Telangana,OBC,153,31,316,500,2023
NEET2024100457,Male,08/10/2005,3,Delhi,Delhi,EWS,101,84,136,321,2023
NEET2026100458,Female,31/05/2007,4,Nashik,Maharashtra,OBC,136,114,118,368,2024
NEET2023100459,Male,05/04/2007,2,Chennai,Tamil Nadu,OBC,135,35,184,354,2023
NEET2024100460,Female,02/06/2006,1,Nagpur,Maharashtra,SC,44,72,192,308,2023
NEET2024100461,Female,06/06/2002,2,Solapur,Maharashtra,EWS,150,153,147,450,2024
NEET2025100462,Female,27/12/2006,1,Delhi,Delhi,OBC,160,97,145,402,2026
NEET2026100463,Male,27/04/2004,1,Nagpur,Maharashtra,OBC,57,34,163,254,2026
NEET2023100464,Male,23/11/2006,4,Ratnagiri,Maharashtra,OBC,39,166,317,522,2023
NEET2025100465,Male,08/09/2008,4,Delhi,Delhi,OBC,140,163,275,578,2026
NEET2023100466,Female,08/11/2008,2,Hyderabad,Telangana,SC,127,119,354,600,2026
NEET2026100467,Female,02/08/2008,2,Nashik,Maharashtra,General,51,102,338,491,2023
NEET2026100468,Male,25/06/2006,3,Sangli,Maharashtra,ST,60,163,63,286,2025
NEET2025100469,Female,12/03/2001,3,Nagpur,Maharashtra,EWS,139,179,189,507,2025
NEET2026100470,Male,19/08/2007,3,Thane,Maharashtra,EWS,82,135,342,559,2026
NEET2024100471,Male,05/11/2002,2,Aurangabad,Maharashtra,ST,177,118,263,558,2024
NEET2023100472,Male,14/02/2001,4,Nashik,Maharashtra,General,160,132,233,525,2023
NEET2025100473,Male,18/08/2001,3,Solapur,Maharashtra,General,141,52,92,285,2023
NEET2023100474,Male,15/02/2008,4,Thane,Maharashtra,ST,132,163,206,501,2023
NEET2023100475,Male,06/04/2002,2,Chennai,Tamil Nadu,General,162,103,159,424,2025
NEET2025100476,Female,06/09/2002,3,Delhi,Delhi,ST,30,70,104,204,2026
NEET2023100477,Female,28/07/2006,3,Nashik,Maharashtra,SC,162,33,95,290,2025
NEET2023100478,Female,15/07/2002,2,Ratnagiri,Maharashtra,ST,79,146,266,491,2023
NEET2023100479,Female,07/04/2006,3,Pune,Maharashtra,ST,158,105,234,497,2026
NEET2026100480,Male,25/04/2006,4,Solapur,Maharashtra,General,92,116,294,502,2025
NEET2026100481,Female,03/10/2000,1,Thane,Maharashtra,SC,86,88,221,395,2024
NEET2024100482,Female,22/03/2003,3,Pune,Maharashtra,SC,132,117,98,347,2024
NEET2024100483,Male,07/06/2006,2,Aurangabad,Maharashtra,SC,76,78,315,469,2024
NEET2023100484,Male,27/07/2002,1,Nashik,Maharashtra,ST,93,121,139,353,2023
NEET2025100485,Female,27/07/2008,4,Chennai,Tamil Nadu,EWS,168,40,306,514,2025
NEET2024100486,Male,03/07/2005,1,Nagpur,Maharashtra,EWS,160,101,263,524,2026
NEET2026100487,Male,13/05/2005,4,Sangli,Maharashtra,General,38,158,237,433,2026
NEET2026100488,Male,16/07/2003,3,Bengaluru,Karnataka,SC,32,33,167,232,2025
NEET2026100489,Female,05/02/2002,3,Sangli,Maharashtra,OBC,97,90,197,384,2026
NEET2026100490,Female,02/10/2004,4,Nashik,Maharashtra,OBC,137,125,246,508,2024
NEET2024100491,Female,16/06/2006,4,Delhi,Delhi,OBC,88,55,198,341,2024
NEET2024100492,Female,20/12/2008,4,Bengaluru,Karnataka,OBC,68,151,64,283,2025
NEET2023100493,Female,21/10/2008,1,Solapur,Maharashtra,OBC,106,94,347,547,2023
NEET2026100494,Female,01/06/2002,3,Chennai,Tamil Nadu,SC,95,151,109,355,2025
NEET2026100495,Male,14/04/2006,3,Sangli,Maharashtra,EWS,95,118,70,283,2024
NEET2025100496,Female,20/06/2006,4,Ratnagiri,Maharashtra,ST,167,74,205,446,2023
NEET2024100497,Female,09/04/2004,4,Ratnagiri,Maharashtra,EWS,103,148,134,385,2026
NEET2025100498,Female,19/10/2000,3,Pune,Maharashtra,SC,71,117,176,364,2026
NEET2026100499,Female,16/01/2003,2,Kolkata,West Bengal,OBC,143,122,360,625,2023
NEET2024100500,Male,27/05/2001,4,Bengaluru,Karnataka,General,90,94,100,284,2023
NEET2023100501,Female,18/09/2000,1,Kolkata,West Bengal,General,151,170,87,408,2025
NEET2024100502,Male,06/12/2006,3,Nagpur,Maharashtra,ST,51,129,218,398,2024
NEET2025100503,Female,21/06/2001,4,Sangli,Maharashtra,ST,73,37,77,187,2025
NEET2026100504,Female,24/02/2006,3,Solapur,Maharashtra,SC,64,168,150,382,2026
NEET2025100505,Female,19/01/2006,3,Nashik,Maharashtra,OBC,52,143,217,412,2025
NEET2025100506,Female,13/02/2000,1,Mumbai,Maharashtra,ST,163,64,236,463,2026
NEET2023100507,Female,12/05/2003,2,Mumbai,Maharashtra,ST,140,104,178,422,2026
NEET2024100508,Female,04/06/2004,1,Nashik,Maharashtra,ST,71,129,253,453,2024
NEET2025100509,Female,17/10/2005,2,Hyderabad,Telangana,General,99,102,332,533,2024
NEET2025100510,Female,13/07/2001,2,Aurangabad,Maharashtra,SC,58,146,291,495,2023
NEET2023100511,Female,15/09/2001,3,Mumbai,Maharashtra,OBC,166,35,155,356,2026
NEET2023100512,Female,26/02/2008,2,Mumbai,Maharashtra,SC,89,53,137,279,2026
NEET2023100513,Female,30/06/2003,1,Hyderabad,Telangana,OBC,157,125,297,579,2023
NEET2026100514,Male,27/12/2002,2,Hyderabad,Telangana,SC,130,48,338,516,2026
NEET2024100515,Male,21/02/2000,2,Pune,Maharashtra,ST,93,128,286,507,2023
NEET2025100516,Female,04/11/2005,2,Delhi,Delhi,General,83,151,259,493,2023
NEET2023100517,Male,03/11/2002,1,Solapur,Maharashtra,OBC,106,80,244,430,2026
NEET2023100518,Female,22/08/2003,2,Mumbai,Maharashtra,General,72,100,359,531,2023
NEET2023100519,Male,08/07/2006,2,Hyderabad,Telangana,ST,151,69,250,470,2023
NEET2025100520,Male,10/09/2007,1,Ratnagiri,Maharashtra,OBC,116,45,90,251,2026
NEET2024100521,Male,11/08/2002,4,Kolhapur,Maharashtra,SC,172,118,284,574,2024
NEET2025100522,Female,23/10/2002,2,Kolkata,West Bengal,EWS,40,154,284,478,2024
NEET2024100523,Male,04/02/2006,2,Kolhapur,Maharashtra,ST,112,149,200,461,2025
NEET2026100524,Male,14/12/2002,1,Sangli,Maharashtra,EWS,123,146,60,329,2025
NEET2026100525,Male,13/09/2008,4,Ratnagiri,Maharashtra,EWS,91,112,92,295,2024
NEET2023100526,Male,16/11/2006,1,Aurangabad,Maharashtra,General,112,134,224,470,2024
NEET2026100527,Male,01/01/2002,1,Chennai,Tamil Nadu,General,38,81,114,233,2026
NEET2025100528,Male,18/05/2007,1,Solapur,Maharashtra,General,164,95,85,344,2024
NEET2025100529,Female,09/05/2007,3,Solapur,Maharashtra,General,50,149,91,290,2025
NEET2024100530,Male,06/12/2005,1,Mumbai,Maharashtra,OBC,48,107,99,254,2026
NEET2024100531,Female,15/02/2002,1,Nashik,Maharashtra,EWS,164,93,351,608,2025
NEET2024100532,Female,25/07/2007,3,Solapur,Maharashtra,OBC,139,56,145,340,2026
NEET2025100533,Female,14/12/2003,4,Kolkata,West Bengal,SC,110,170,226,506,2024
NEET2025100534,Female,25/04/2006,4,Sangli,Maharashtra,ST,84,126,341,551,2026
NEET2024100535,Female,01/01/2000,1,Bengaluru,Karnataka,SC,38,102,68,208,2024
NEET2024100536,Male,29/05/2002,1,Chennai,Tamil Nadu,ST,110,35,201,346,2025
NEET2024100537,Male,01/10/2001,3,Nagpur,Maharashtra,SC,97,123,358,578,2023
NEET2025100538,Female,25/05/2006,2,Thane,Maharashtra,ST,175,85,99,359,2023
NEET2026100539,Male,04/09/2006,1,Delhi,Delhi,SC,106,39,355,500,2025
NEET2026100540,Male,13/11/2004,3,Thane,Maharashtra,EWS,60,88,65,213,2023
NEET2024100541,Male,31/07/2003,1,Sangli,Maharashtra,ST,174,68,227,469,2026
NEET2024100542,Female,10/06/2008,3,Ratnagiri,Maharashtra,ST,177,159,106,442,2024
NEET2023100543,Female,25/06/2001,3,Kolhapur,Maharashtra,General,51,151,352,554,2026
NEET2024100544,Female,17/08/2005,4,Thane,Maharashtra,EWS,63,64,306,433,2024
NEET2023100545,Female,17/04/2006,4,Ratnagiri,Maharashtra,SC,164,93,184,441,2023
NEET2025100546,Male,05/04/2001,3,Delhi,Delhi,SC,135,138,247,520,2023
NEET2024100547,Female,18/08/2008,1,Aurangabad,Maharashtra,OBC,73,119,286,478,2024
NEET2023100548,Male,08/09/2007,2,Kolhapur,Maharashtra,SC,69,51,117,237,2023
NEET2026100549,Male,07/11/2003,3,Bengaluru,Karnataka,OBC,58,108,290,456,2024
NEET2026100550,Male,14/04/2002,1,Sangli,Maharashtra,ST,163,96,340,599,2023
NEET2025100551,Male,12/11/2002,4,Nagpur,Maharashtra,General,45,102,162,309,2023
NEET2023100552,Female,10/05/2004,4,Delhi,Delhi,OBC,99,122,115,336,2026
NEET2023100553,Male,13/09/2005,2,Bengaluru,Karnataka,EWS,55,110,308,473,2026
NEET2025100554,Female,15/04/2006,4,Kolkata,West Bengal,ST,35,40,186,261,2024
NEET2024100555,Female,16/03/2000,1,Kolhapur,Maharashtra,SC,120,120,214,454,2026
NEET2025100556,Female,30/04/2000,2,Sangli,Maharashtra,General,101,87,137,325,2026
NEET2024100557,Female,02/11/2005,3,Delhi,Delhi,EWS,88,136,183,407,2025
NEET2024100558,Male,13/01/2005,3,Sangli,Maharashtra,EWS,63,82,130,275,2024
NEET2025100559,Male,27/10/2004,1,Kolkata,West Bengal,OBC,67,174,140,381,2025
NEET2026100560,Female,19/08/2001,4,Bengaluru,Karnataka,SC,37,111,271,419,2024
NEET2023100561,Female,26/09/2008,2,Nashik,Maharashtra,EWS,57,63,154,274,2024
NEET2026100562,Male,03/08/2002,4,Delhi,Delhi,SC,36,121,100,257,2024
NEET2024100563,Male,06/05/2004,1,Solapur,Maharashtra,ST,151,65,143,359,2023
NEET2023100564,Male,10/01/2003,4,Thane,Maharashtra,EWS,86,81,164,331,2026
NEET2026100565,Male,18/09/2007,4,Kolhapur,Maharashtra,SC,147,93,278,518,2026
NEET2023100566,Male,09/11/2006,4,Bengaluru,Karnataka,ST,176,167,328,671,2023
NEET2026100567,Male,03/10/2002,2,Sangli,Maharashtra,SC,167,131,80,378,2026
NEET2024100568,Female,18/06/2004,3,Kolkata,West Bengal,EWS,107,103,296,506,2023
NEET2023100569,Male,27/09/2007,2,Sangli,Maharashtra,EWS,66,148,291,505,2024
NEET2024100570,Female,29/05/2004,2,Thane,Maharashtra,ST,112,145,72,329,2023
NEET2023100571,Female,21/10/2002,3,Kolhapur,Maharashtra,General,71,61,106,238,2026
NEET2026100572,Male,25/02/2008,2,Hyderabad,Telangana,SC,160,70,253,483,2024
NEET2026100573,Female,26/10/2001,3,Chennai,Tamil Nadu,ST,67,75,86,228,2025
NEET2023100574,Female,09/01/2007,1,Nagpur,Maharashtra,ST,60,63,163,286,2026
NEET2024100575,Female,04/08/2005,4,Sangli,Maharashtra,ST,31,156,181,368,2026
NEET2025100576,Male,21/11/2000,1,Ratnagiri,Maharashtra,OBC,31,92,340,463,2024
NEET2023100577,Female,13/08/2000,3,Delhi,Delhi,General,119,39,134,292,2023
NEET2024100578,Female,22/03/2001,3,Thane,Maharashtra,General,75,71,205,351,2023
NEET2023100579,Female,13/08/2008,1,Aurangabad,Maharashtra,SC,112,124,254,490,2026
NEET2026100580,Male,05/07/2001,2,Pune,Maharashtra,EWS,100,114,329,543,2023
NEET2025100581,Female,23/03/2001,3,Ratnagiri,Maharashtra,SC,165,52,307,524,2025
NEET2026100582,Female,15/06/2001,2,Ratnagiri,Maharashtra,EWS,174,157,326,657,2024
NEET2023100583,Female,12/12/2007,1,Aurangabad,Maharashtra,OBC,79,30,120,229,2026
NEET2024100584,Male,22/08/2004,2,Mumbai,Maharashtra,SC,115,119,346,580,2025
NEET2025100585,Male,10/11/2008,1,Pune,Maharashtra,SC,108,106,319,533,2025
NEET2024100586,Female,10/06/2004,3,Bengaluru,Karnataka,ST,175,37,149,361,2026
NEET2026100587,Female,09/12/2008,4,Mumbai,Maharashtra,ST,64,153,139,356,2023
NEET2023100588,Male,04/11/2005,3,Aurangabad,Maharashtra,SC,174,110,344,628,2023
NEET2024100589,Female,03/09/2001,2,Aurangabad,Maharashtra,EWS,37,116,252,405,2023
NEET2025100590,Female,09/10/2008,1,Hyderabad,Telangana,ST,108,110,76,294,2024
NEET2025100591,Male,02/03/2004,1,Solapur,Maharashtra,SC,107,85,328,520,2023
NEET2023100592,Female,20/09/2008,2,Nashik,Maharashtra,OBC,53,143,319,515,2025
NEET2024100593,Male,03/06/2005,2,Bengaluru,Karnataka,OBC,164,109,227,500,2023
NEET2025100594,Male,24/02/2005,1,Thane,Maharashtra,SC,163,59,62,284,2026
NEET2025100595,Male,07/07/2000,3,Pune,Maharashtra,OBC,163,109,71,343,2024
NEET2023100596,Female,19/03/2003,2,Aurangabad,Maharashtra,OBC,166,111,285,562,2025
NEET2024100597,Female,13/04/2001,3,Mumbai,Maharashtra,SC,173,161,112,446,2024
NEET2024100598,Male,25/11/2007,3,Hyderabad,Telangana,EWS,102,176,185,463,2025
NEET2026100599,Male,23/01/2006,1,Solapur,Maharashtra,ST,42,63,74,179,2023
NEET2025100600,Female,18/12/2000,3,Thane,Maharashtra,OBC,130,75,288,493,2023
NEET2023100601,Female,22/06/2008,1,Hyderabad,Telangana,ST,149,175,127,451,2025
NEET2024100602,Male,04/09/2007,3,Delhi,Delhi,SC,149,150,178,477,2026
NEET2026100603,Male,21/01/2002,1,Bengaluru,Karnataka,ST,114,113,292,519,2023
NEET2025100604,Male,10/12/2003,1,Solapur,Maharashtra,ST,148,73,204,425,2023
NEET2026100605,Female,27/08/2003,4,Sangli,Maharashtra,OBC,48,107,332,487,2024
NEET2025100606,Male,22/02/2006,4,Nagpur,Maharashtra,ST,153,128,93,374,2025
NEET2026100607,Male,08/02/2006,4,Bengaluru,Karnataka,SC,90,74,99,263,2023
NEET2023100608,Female,28/12/2004,3,Nagpur,Maharashtra,ST,108,133,95,336,2023
NEET2024100609,Male,05/01/2001,4,Nashik,Maharashtra,EWS,65,178,60,303,2025
NEET2024100610,Female,16/05/2004,3,Ratnagiri,Maharashtra,EWS,177,144,160,481,2025
NEET2023100611,Female,15/11/2004,2,Bengaluru,Karnataka,SC,118,52,358,528,2023
NEET2025100612,Male,21/02/2004,3,Kolkata,West Bengal,General,170,43,60,273,2024
NEET2026100613,Female,03/11/2004,4,Bengaluru,Karnataka,EWS,130,111,255,496,2024
NEET2026100614,Female,06/06/2007,4,Nagpur,Maharashtra,OBC,151,65,156,372,2025
NEET2023100615,Male,07/07/2007,4,Nagpur,Maharashtra,ST,64,32,96,192,2024
NEET2024100616,Female,12/12/2000,4,Nagpur,Maharashtra,EWS,136,146,277,559,2026
NEET2023100617,Female,24/04/2004,2,Kolhapur,Maharashtra,EWS,87,77,277,441,2025
NEET2023100618,Male,09/08/2004,4,Kolkata,West Bengal,SC,169,177,247,593,2023
NEET2025100619,Female,04/07/2006,1,Solapur,Maharashtra,EWS,50,66,329,445,2023
NEET2025100620,Male,01/10/2002,3,Solapur,Maharashtra,EWS,49,168,356,573,2023
NEET2025100621,Female,04/04/2005,3,Solapur,Maharashtra,SC,161,150,353,664,2025
NEET2023100622,Female,17/11/2001,2,Mumbai,Maharashtra,EWS,107,174,193,474,2023
NEET2023100623,Male,12/05/2007,1,Aurangabad,Maharashtra,SC,36,103,308,447,2025
NEET2023100624,Male,26/06/2001,2,Ratnagiri,Maharashtra,EWS,101,100,191,392,2024
NEET2024100625,Female,23/05/2007,2,Solapur,Maharashtra,EWS,124,74,193,391,2023
NEET2026100626,Female,05/11/2003,2,Pune,Maharashtra,ST,67,69,313,449,2024
NEET2023100627,Male,13/05/2002,2,Ratnagiri,Maharashtra,ST,118,43,195,356,2026
NEET2026100628,Female,04/05/2005,4,Aurangabad,Maharashtra,SC,151,166,179,496,2024
NEET2026100629,Female,12/12/2005,3,Chennai,Tamil Nadu,EWS,141,33,207,381,2023
NEET2025100630,Female,02/02/2001,3,Kolkata,West Bengal,SC,166,120,281,567,2023
NEET2024100631,Male,11/11/2002,3,Delhi,Delhi,OBC,179,130,296,605,2025
NEET2026100632,Male,21/02/2006,1,Mumbai,Maharashtra,ST,32,47,66,145,2025
NEET2023100633,Male,17/06/2002,1,Bengaluru,Karnataka,General,102,94,158,354,2024
NEET2024100634,Female,21/09/2006,2,Delhi,Delhi,General,61,60,104,225,2024
NEET2025100635,Female,03/11/2002,3,Aurangabad,Maharashtra,SC,149,49,292,490,2024
NEET2026100636,Female,02/10/2008,1,Pune,Maharashtra,SC,100,45,255,400,2025
NEET2026100637,Male,29/12/2001,4,Solapur,Maharashtra,General,47,155,162,364,2024
NEET2026100638,Female,23/01/2006,1,Hyderabad,Telangana,General,140,85,114,339,2023
NEET2026100639,Male,15/10/2000,1,Ratnagiri,Maharashtra,General,94,144,69,307,2026
NEET2023100640,Female,27/12/2002,4,Nagpur,Maharashtra,ST,114,130,354,598,2026
NEET2023100641,Female,28/02/2008,4,Hyderabad,Telangana,General,47,168,175,390,2025
NEET2023100642,Female,27/09/2003,3,Delhi,Delhi,General,107,132,88,327,2026
NEET2023100643,Female,11/07/2008,2,Hyderabad,Telangana,SC,104,81,150,335,2026
NEET2026100644,Male,13/03/2001,2,Delhi,Delhi,General,121,154,103,378,2024
NEET2023100645,Female,13/04/2000,4,Bengaluru,Karnataka,EWS,91,155,259,505,2026
NEET2023100646,Female,08/03/2000,1,Mumbai,Maharashtra,OBC,116,44,232,392,2026
NEET2024100647,Male,09/08/2007,1,Chennai,Tamil Nadu,OBC,167,68,356,591,2026
NEET2024100648,Male,02/05/2007,2,Mumbai,Maharashtra,General,150,41,184,375,2025
NEET2023100649,Male,24/11/2008,4,Pune,Maharashtra,EWS,146,73,92,311,2024
NEET2026100650,Female,15/09/2000,1,Hyderabad,Telangana,EWS,81,139,232,452,2024
NEET2025100651,Male,10/08/2003,1,Chennai,Tamil Nadu,SC,84,41,148,273,2024
NEET2024100652,Female,29/06/2008,2,Thane,Maharashtra,EWS,73,124,343,540,2023
NEET2026100653,Male,30/06/2001,1,Pune,Maharashtra,General,126,70,68,264,2024
NEET2024100654,Male,31/12/2000,2,Bengaluru,Karnataka,SC,102,136,303,541,2026
NEET2026100655,Male,14/08/2004,3,Nashik,Maharashtra,SC,74,39,152,265,2026
NEET2023100656,Female,19/01/2000,2,Sangli,Maharashtra,ST,90,79,120,289,2024
NEET2026100657,Female,06/02/2003,2,Mumbai,Maharashtra,OBC,79,58,136,273,2023
NEET2026100658,Female,09/08/2000,3,Delhi,Delhi,EWS,123,102,167,392,2026
NEET2024100659,Male,26/06/2000,4,Pune,Maharashtra,EWS,43,167,150,360,2023
NEET2025100660,Female,17/10/2000,2,Kolkata,West Bengal,SC,90,143,356,589,2024
NEET2024100661,Female,25/09/2008,2,Pune,Maharashtra,ST,113,88,110,311,2024
NEET2026100662,Male,28/10/2000,2,Solapur,Maharashtra,EWS,179,154,87,420,2026
NEET2024100663,Female,30/12/2001,3,Thane,Maharashtra,OBC,125,64,294,483,2025
NEET2024100664,Male,05/06/2001,4,Mumbai,Maharashtra,ST,175,45,203,423,2026
NEET2024100665,Male,02/12/2001,2,Hyderabad,Telangana,General,117,86,211,414,2026
NEET2025100666,Male,07/11/2005,4,Solapur,Maharashtra,OBC,85,151,296,532,2024
NEET2023100667,Female,02/09/2003,1,Thane,Maharashtra,General,178,86,136,400,2026
NEET2026100668,Female,23/03/2008,1,Hyderabad,Telangana,ST,159,38,277,474,2026
NEET2024100669,Male,12/09/2002,3,Pune,Maharashtra,SC,172,33,268,473,2024
NEET2024100670,Female,06/04/2007,1,Pune,Maharashtra,ST,34,152,216,402,2026
NEET2026100671,Male,27/08/2008,1,Nagpur,Maharashtra,ST,133,77,249,459,2025
NEET2024100672,Male,14/12/2005,3,Mumbai,Maharashtra,General,105,139,198,442,2025
NEET2023100673,Female,30/07/2000,3,Pune,Maharashtra,OBC,128,123,298,549,2023
NEET2024100674,Male,15/04/2006,4,Bengaluru,Karnataka,EWS,82,65,231,378,2024
NEET2025100675,Female,11/06/2008,3,Bengaluru,Karnataka,General,87,112,240,439,2023
NEET2023100676,Female,07/03/2004,3,Kolhapur,Maharashtra,ST,145,154,316,615,2025
NEET2023100677,Male,20/12/2008,4,Delhi,Delhi,OBC,46,78,294,418,2025
NEET2024100678,Female,11/11/2000,2,Pune,Maharashtra,OBC,72,100,117,289,2023
NEET2025100679,Female,15/04/2003,4,Thane,Maharashtra,General,168,63,302,533,2025
NEET2025100680,Female,13/02/2002,3,Pune,Maharashtra,SC,35,89,326,450,2026
NEET2026100681,Female,27/08/2006,2,Delhi,Delhi,SC,165,170,287,622,2024
NEET2025100682,Male,06/11/2008,2,Aurangabad,Maharashtra,SC,88,153,250,491,2025
NEET2024100683,Male,10/02/2005,2,Nagpur,Maharashtra,OBC,71,167,206,444,2024
NEET2026100684,Female,23/04/2001,3,Mumbai,Maharashtra,OBC,111,177,124,412,2024
NEET2024100685,Female,22/04/2006,4,Bengaluru,Karnataka,EWS,38,111,236,385,2024
NEET2026100686,Male,25/12/2005,4,Aurangabad,Maharashtra,SC,61,36,267,364,2024
NEET2025100687,Female,18/01/2000,3,Bengaluru,Karnataka,EWS,169,159,229,557,2024
NEET2026100688,Male,19/12/2008,2,Ratnagiri,Maharashtra,EWS,143,116,117,376,2023
NEET2025100689,Male,15/06/2003,3,Mumbai,Maharashtra,General,132,86,288,506,2024
NEET2023100690,Male,17/07/2006,4,Sangli,Maharashtra,General,86,101,160,347,2026
NEET2025100691,Female,07/03/2002,2,Solapur,Maharashtra,ST,111,160,88,359,2025
NEET2025100692,Female,30/04/2004,4,Kolhapur,Maharashtra,EWS,33,102,236,371,2023
NEET2025100693,Male,02/06/2002,4,Bengaluru,Karnataka,ST,143,136,286,565,2024
NEET2025100694,Female,02/08/2006,3,Ratnagiri,Maharashtra,General,52,66,166,284,2026
NEET2024100695,Female,28/12/2000,2,Mumbai,Maharashtra,OBC,134,99,272,505,2024
NEET2025100696,Female,12/04/2004,4,Aurangabad,Maharashtra,EWS,171,155,81,407,2026
NEET2025100697,Female,08/07/2002,1,Mumbai,Maharashtra,SC,30,69,194,293,2026
NEET2025100698,Female,04/01/2002,1,Solapur,Maharashtra,EWS,92,37,121,250,2025
NEET2026100699,Male,08/07/2006,3,Solapur,Maharashtra,EWS,174,141,192,507,2023
NEET2025100700,Female,29/11/2002,2,Nagpur,Maharashtra,SC,178,44,134,356,2024
NEET2023100701,Female,04/08/2000,3,Aurangabad,Maharashtra,EWS,122,137,242,501,2023
NEET2025100702,Female,05/10/2005,3,Nashik,Maharashtra,SC,76,54,145,275,2025
NEET2023100703,Male,27/01/2001,3,Sangli,Maharashtra,SC,178,120,133,431,2026
NEET2024100704,Male,14/08/2004,2,Kolhapur,Maharashtra,EWS,71,56,171,298,2023
NEET2023100705,Female,05/09/2004,3,Solapur,Maharashtra,SC,49,59,127,235,2025
NEET2024100706,Female,23/07/2001,1,Chennai,Tamil Nadu,General,143,163,235,541,2024
NEET2024100707,Male,11/06/2001,2,Chennai,Tamil Nadu,General,66,88,217,371,2026
NEET2026100708,Female,30/09/2007,1,Hyderabad,Telangana,OBC,58,49,69,176,2023
NEET2023100709,Female,14/05/2000,1,Hyderabad,Telangana,General,161,45,300,506,2025
NEET2024100710,Male,27/06/2007,3,Mumbai,Maharashtra,General,54,61,165,280,2023
NEET2025100711,Male,19/08/2001,2,Chennai,Tamil Nadu,EWS,101,178,238,517,2023
NEET2024100712,Male,09/02/2001,3,Chennai,Tamil Nadu,OBC,178,33,330,541,2023
NEET2025100713,Male,19/02/2008,4,Pune,Maharashtra,General,84,159,303,546,2024
NEET2024100714,Female,24/12/2003,1,Thane,Maharashtra,SC,138,84,323,545,2023
NEET2025100715,Female,23/03/2005,1,Pune,Maharashtra,General,163,64,313,540,2025
NEET2025100716,Female,15/07/2005,2,Pune,Maharashtra,EWS,128,102,293,523,2026
NEET2026100717,Female,05/04/2003,2,Chennai,Tamil Nadu,General,139,78,95,312,2026
NEET2023100718,Male,15/07/2007,2,Pune,Maharashtra,ST,131,142,327,600,2026
NEET2025100719,Male,17/10/2007,3,Ratnagiri,Maharashtra,OBC,56,73,93,222,2026
NEET2025100720,Female,17/05/2001,3,Nashik,Maharashtra,ST,138,157,202,497,2026
NEET2023100721,Male,07/06/2005,3,Sangli,Maharashtra,ST,101,67,292,460,2026
NEET2023100722,Male,03/08/2002,4,Delhi,Delhi,General,64,37,110,211,2024
NEET2023100723,Male,16/04/2004,4,Ratnagiri,Maharashtra,ST,113,69,215,397,2024
NEET2025100724,Female,17/04/2003,1,Delhi,Delhi,General,157,155,318,630,2026
NEET2026100725,Female,02/05/2001,1,Thane,Maharashtra,General,145,110,252,507,2024
NEET2026100726,Male,30/03/2006,3,Delhi,Delhi,ST,107,72,311,490,2026
NEET2026100727,Female,26/07/2008,2,Pune,Maharashtra,EWS,175,155,343,673,2023
NEET2025100728,Female,22/05/2004,1,Aurangabad,Maharashtra,General,156,126,240,522,2023
NEET2023100729,Female,09/06/2001,4,Chennai,Tamil Nadu,General,123,119,358,600,2026
NEET2024100730,Male,14/11/2003,2,Kolhapur,Maharashtra,SC,135,119,88,342,2023
NEET2024100731,Male,19/09/2007,3,Pune,Maharashtra,General,108,59,232,399,2026
NEET2026100732,Female,18/05/2007,1,Chennai,Tamil Nadu,ST,138,175,323,636,2023
NEET2023100733,Female,20/07/2003,1,Thane,Maharashtra,OBC,176,129,225,530,2025
NEET2025100734,Female,27/07/2005,2,Sangli,Maharashtra,ST,116,72,213,401,2023
NEET2025100735,Female,03/01/2006,2,Nashik,Maharashtra,EWS,103,97,84,284,2023
NEET2025100736,Male,18/01/2008,4,Chennai,Tamil Nadu,ST,178,54,232,464,2024
NEET2025100737,Female,23/11/2003,3,Hyderabad,Telangana,OBC,49,107,318,474,2026
NEET2024100738,Male,05/07/2004,2,Aurangabad,Maharashtra,EWS,161,146,340,647,2026
NEET2026100739,Male,22/05/2002,2,Delhi,Delhi,SC,149,98,332,579,2026
NEET2026100740,Female,28/08/2001,1,Nashik,Maharashtra,OBC,68,106,282,456,2026
NEET2024100741,Female,29/12/2002,2,Chennai,Tamil Nadu,General,103,71,191,365,2024
NEET2026100742,Female,25/02/2002,4,Mumbai,Maharashtra,General,92,109,297,498,2024
NEET2025100743,Male,14/10/2001,1,Aurangabad,Maharashtra,ST,64,37,192,293,2023
NEET2023100744,Female,14/08/2000,3,Chennai,Tamil Nadu,General,51,110,212,373,2026
NEET2023100745,Female,14/02/2008,4,Chennai,Tamil Nadu,General,65,90,117,272,2024
NEET2026100746,Male,22/09/2006,4,Pune,Maharashtra,OBC,110,114,359,583,2024
NEET2026100747,Female,13/03/2001,1,Nagpur,Maharashtra,ST,84,100,285,469,2025
NEET2026100748,Male,05/11/2007,3,Pune,Maharashtra,OBC,111,169,276,556,2025
NEET2023100749,Male,30/04/2005,2,Bengaluru,Karnataka,SC,124,108,70,302,2026
NEET2024100750,Female,20/06/2003,4,Delhi,Delhi,General,122,61,333,516,2026
NEET2024100751,Male,12/11/2002,4,Aurangabad,Maharashtra,SC,53,90,212,355,2026
NEET2026100752,Female,07/11/2008,3,Mumbai,Maharashtra,ST,100,50,311,461,2023
NEET2025100753,Female,18/10/2001,3,Bengaluru,Karnataka,ST,96,159,93,348,2023
NEET2023100754,Female,18/07/2008,2,Mumbai,Maharashtra,SC,77,143,129,349,2025
NEET2024100755,Female,16/06/2006,3,Pune,Maharashtra,ST,58,70,187,315,2026
NEET2025100756,Male,30/03/2008,1,Nagpur,Maharashtra,ST,96,74,227,397,2025
NEET2023100757,Male,15/01/2002,2,Thane,Maharashtra,General,126,176,174,476,2026
NEET2026100758,Female,23/03/2002,2,Aurangabad,Maharashtra,General,73,42,265,380,2025
NEET2026100759,Female,27/11/2001,4,Ratnagiri,Maharashtra,General,60,33,329,422,2024
NEET2026100760,Female,01/01/2008,2,Nashik,Maharashtra,ST,78,98,207,383,2024
NEET2024100761,Female,23/09/2006,2,Nashik,Maharashtra,General,102,78,274,454,2025
NEET2026100762,Male,08/12/2002,1,Nashik,Maharashtra,ST,145,93,249,487,2024
NEET2026100763,Female,17/08/2003,1,Bengaluru,Karnataka,General,131,84,256,471,2023
NEET2023100764,Male,01/08/2000,3,Kolhapur,Maharashtra,EWS,90,150,241,481,2026
NEET2023100765,Male,24/05/2003,3,Thane,Maharashtra,OBC,124,63,346,533,2026
NEET2025100766,Female,21/10/2003,2,Kolkata,West Bengal,SC,149,63,105,317,2023
NEET2025100767,Female,07/07/2003,3,Mumbai,Maharashtra,SC,62,157,203,422,2025
NEET2026100768,Male,18/10/2005,4,Kolhapur,Maharashtra,General,141,72,221,434,2024
NEET2026100769,Female,31/08/2001,2,Mumbai,Maharashtra,ST,88,76,78,242,2026
NEET2025100770,Female,20/04/2001,4,Kolkata,West Bengal,ST,156,40,286,482,2023
NEET2023100771,Male,27/01/2008,3,Chennai,Tamil Nadu,OBC,67,61,238,366,2024
NEET2024100772,Male,29/05/2008,2,Sangli,Maharashtra,ST,99,174,359,632,2023
NEET2023100773,Female,05/10/2002,1,Hyderabad,Telangana,ST,157,54,228,439,2025
NEET2023100774,Male,15/08/2006,4,Kolkata,West Bengal,ST,57,112,138,307,2026
NEET2026100775,Female,17/01/2007,2,Aurangabad,Maharashtra,OBC,31,114,82,227,2023
NEET2023100776,Female,27/12/2008,1,Delhi,Delhi,ST,102,112,88,302,2025
NEET2024100777,Male,30/12/2001,4,Nashik,Maharashtra,ST,132,52,70,254,2025
NEET2026100778,Female,04/04/2007,3,Hyderabad,Telangana,EWS,69,60,212,341,2024
NEET2024100779,Female,10/01/2004,4,Delhi,Delhi,ST,54,124,322,500,2026
NEET2025100780,Male,04/01/2003,4,Ratnagiri,Maharashtra,ST,138,53,276,467,2023
NEET2024100781,Female,14/06/2000,1,Sangli,Maharashtra,SC,117,148,174,439,2026
NEET2024100782,Female,26/11/2004,2,Pune,Maharashtra,EWS,152,106,136,394,2026
NEET2023100783,Male,25/04/2003,4,Ratnagiri,Maharashtra,ST,42,171,99,312,2023
NEET2025100784,Male,18/03/2005,1,Delhi,Delhi,General,175,94,241,510,2026
NEET2023100785,Female,05/01/2002,3,Hyderabad,Telangana,SC,76,130,83,289,2026
NEET2024100786,Male,29/06/2008,2,Delhi,Delhi,General,145,97,234,476,2025
NEET2023100787,Female,21/07/2007,1,Pune,Maharashtra,General,141,166,69,376,2024
NEET2025100788,Female,10/05/2007,4,Solapur,Maharashtra,SC,147,133,309,589,2023
NEET2023100789,Male,27/05/2001,1,Nagpur,Maharashtra,OBC,33,78,117,228,2026
NEET2024100790,Male,10/04/2007,3,Nagpur,Maharashtra,ST,91,141,335,567,2024
NEET2024100791,Female,25/04/2005,4,Thane,Maharashtra,ST,35,59,145,239,2023
NEET2026100792,Male,15/01/2005,3,Ratnagiri,Maharashtra,General,92,81,210,383,2023
NEET2025100793,Male,26/01/2007,4,Chennai,Tamil Nadu,ST,140,136,313,589,2026
NEET2023100794,Female,03/10/2005,3,Ratnagiri,Maharashtra,EWS,154,89,91,334,2023
NEET2026100795,Female,02/01/2003,4,Kolkata,West Bengal,ST,136,151,119,406,2023
NEET2026100796,Male,22/10/2001,2,Aurangabad,Maharashtra,EWS,79,150,236,465,2025
NEET2026100797,Female,02/10/2006,3,Chennai,Tamil Nadu,ST,149,63,210,422,2024
NEET2024100798,Male,22/12/2006,2,Nashik,Maharashtra,OBC,102,52,307,461,2026
NEET2024100799,Male,17/02/2001,1,Hyderabad,Telangana,General,136,156,215,507,2025
NEET2023100800,Male,04/12/2002,3,Kolhapur,Maharashtra,ST,70,74,317,461,2023
NEET2026100801,Female,04/12/2006,3,Nashik,Maharashtra,SC,60,173,174,407,2023
NEET2023100802,Male,20/08/2008,4,Kolkata,West Bengal,ST,172,98,137,407,2023
NEET2023100803,Male,09/03/2001,1,Hyderabad,Telangana,OBC,56,173,81,310,2025
NEET2026100804,Male,05/10/2001,2,Bengaluru,Karnataka,SC,104,143,319,566,2025
NEET2023100805,Male,18/07/2001,4,Pune,Maharashtra,SC,81,142,272,495,2025
NEET2026100806,Female,30/08/2005,2,Nagpur,Maharashtra,OBC,51,98,250,399,2026
NEET2026100807,Female,29/10/2008,3,Nashik,Maharashtra,General,65,139,271,475,2026
NEET2023100808,Female,19/08/2001,3,Hyderabad,Telangana,ST,32,162,95,289,2024
NEET2023100809,Female,12/11/2004,4,Mumbai,Maharashtra,ST,130,39,137,306,2025
NEET2025100810,Male,03/02/2008,4,Bengaluru,Karnataka,ST,110,118,64,292,2024
NEET2024100811,Female,07/02/2006,1,Ratnagiri,Maharashtra,General,143,118,267,528,2025
NEET2025100812,Male,16/05/2004,1,Bengaluru,Karnataka,EWS,62,163,336,561,2025
NEET2025100813,Male,05/11/2005,3,Kolhapur,Maharashtra,ST,70,35,74,179,2023
NEET2025100814,Male,17/03/2008,1,Mumbai,Maharashtra,General,125,96,319,540,2026
NEET2024100815,Male,05/05/2003,3,Ratnagiri,Maharashtra,SC,31,146,233,410,2025
NEET2024100816,Male,24/06/2007,3,Hyderabad,Telangana,EWS,176,65,253,494,2024
NEET2026100817,Female,23/09/2008,1,Kolhapur,Maharashtra,General,146,55,135,336,2023
NEET2026100818,Male,06/10/2004,3,Kolkata,West Bengal,EWS,63,151,169,383,2026
NEET2026100819,Female,06/08/2006,4,Sangli,Maharashtra,ST,162,131,195,488,2026
NEET2026100820,Male,29/10/2001,1,Nagpur,Maharashtra,OBC,159,62,308,529,2026
NEET2023100821,Female,22/04/2005,1,Mumbai,Maharashtra,General,70,173,249,492,2025
NEET2023100822,Female,30/05/2006,3,Aurangabad,Maharashtra,SC,40,163,138,341,2025
NEET2026100823,Male,19/04/2003,3,Solapur,Maharashtra,SC,37,66,132,235,2024
NEET2025100824,Male,19/01/2002,1,Chennai,Tamil Nadu,ST,155,30,122,307,2026
NEET2026100825,Female,05/06/2006,2,Aurangabad,Maharashtra,OBC,174,145,232,551,2026
NEET2023100826,Female,16/07/2008,4,Solapur,Maharashtra,OBC,144,68,226,438,2026
NEET2023100827,Male,20/10/2003,1,Sangli,Maharashtra,EWS,41,143,202,386,2025
NEET2024100828,Male,17/04/2006,2,Delhi,Delhi,ST,61,173,103,337,2023
NEET2025100829,Male,07/05/2001,2,Delhi,Delhi,EWS,166,76,69,311,2026
NEET2023100830,Female,12/12/2000,1,Hyderabad,Telangana,SC,166,112,265,543,2026
NEET2026100831,Female,09/01/2002,1,Thane,Maharashtra,General,36,165,222,423,2023
NEET2025100832,Male,28/01/2006,2,Nagpur,Maharashtra,SC,103,66,153,322,2026
NEET2023100833,Male,11/08/2007,3,Nagpur,Maharashtra,ST,45,113,152,310,2023
NEET2026100834,Male,03/08/2003,1,Nagpur,Maharashtra,OBC,135,112,192,439,2024
NEET2026100835,Male,07/06/2008,3,Ratnagiri,Maharashtra,General,180,90,312,582,2025
NEET2023100836,Female,18/03/2005,2,Sangli,Maharashtra,General,134,46,307,487,2025
NEET2024100837,Female,19/03/2006,4,Ratnagiri,Maharashtra,ST,55,93,344,492,2023
NEET2024100838,Male,17/02/2007,4,Sangli,Maharashtra,EWS,82,66,251,399,2026
NEET2023100839,Male,20/06/2000,4,Mumbai,Maharashtra,SC,148,104,145,397,2025
NEET2025100840,Male,17/08/2007,2,Thane,Maharashtra,EWS,119,84,359,562,2023
NEET2025100841,Female,16/05/2003,2,Pune,Maharashtra,EWS,131,61,131,323,2025
NEET2024100842,Female,25/08/2007,3,Kolhapur,Maharashtra,OBC,96,145,199,440,2026
NEET2026100843,Male,21/09/2006,1,Kolhapur,Maharashtra,OBC,34,64,61,159,2026
NEET2023100844,Male,26/03/2006,1,Kolkata,West Bengal,ST,155,130,335,620,2023
NEET2024100845,Male,16/12/2003,1,Chennai,Tamil Nadu,ST,126,121,258,505,2025
NEET2025100846,Female,01/03/2002,2,Solapur,Maharashtra,General,32,86,70,188,2025
NEET2023100847,Female,19/01/2008,4,Nashik,Maharashtra,EWS,89,156,245,490,2024
NEET2026100848,Male,30/01/2000,2,Nashik,Maharashtra,EWS,131,58,202,391,2024
NEET2025100849,Male,24/09/2000,3,Ratnagiri,Maharashtra,OBC,62,46,125,233,2023
NEET2026100850,Male,09/10/2007,4,Delhi,Delhi,General,166,94,346,606,2025
NEET2026100851,Female,06/11/2004,3,Chennai,Tamil Nadu,EWS,134,100,122,356,2023
NEET2026100852,Female,02/02/2008,1,Nashik,Maharashtra,ST,42,101,275,418,2024
NEET2026100853,Male,02/10/2003,2,Pune,Maharashtra,OBC,176,36,175,387,2024
NEET2026100854,Female,10/09/2003,1,Aurangabad,Maharashtra,EWS,46,54,74,174,2025
NEET2025100855,Male,22/10/2002,3,Nashik,Maharashtra,EWS,57,151,182,390,2024
NEET2023100856,Male,25/10/2000,1,Hyderabad,Telangana,General,142,54,288,484,2026
NEET2026100857,Male,07/07/2003,3,Kolkata,West Bengal,EWS,46,62,91,199,2026
NEET2025100858,Female,26/09/2000,4,Pune,Maharashtra,General,44,173,86,303,2026
NEET2026100859,Female,12/08/2002,1,Chennai,Tamil Nadu,SC,32,146,256,434,2023
NEET2023100860,Male,02/02/2005,1,Sangli,Maharashtra,EWS,114,180,158,452,2023
NEET2025100861,Female,25/08/2006,4,Hyderabad,Telangana,ST,79,176,124,379,2026
NEET2024100862,Female,31/01/2002,4,Nashik,Maharashtra,EWS,65,41,90,196,2025
NEET2026100863,Female,28/06/2003,3,Ratnagiri,Maharashtra,SC,168,67,135,370,2025
NEET2024100864,Male,03/02/2000,4,Sangli,Maharashtra,SC,180,67,89,336,2024
NEET2024100865,Female,31/03/2002,4,Delhi,Delhi,EWS,81,47,234,362,2025
NEET2025100866,Male,27/06/2006,1,Ratnagiri,Maharashtra,ST,115,106,274,495,2023
NEET2026100867,Male,24/07/2005,2,Nashik,Maharashtra,ST,30,87,177,294,2025
NEET2023100868,Female,19/04/2008,1,Thane,Maharashtra,General,82,132,154,368,2025
NEET2026100869,Male,02/05/2000,3,Sangli,Maharashtra,General,59,66,208,333,2023
NEET2025100870,Male,26/03/2002,3,Nashik,Maharashtra,EWS,102,74,172,348,2024
NEET2023100871,Male,01/01/2002,2,Nashik,Maharashtra,ST,35,75,194,304,2023
NEET2024100872,Female,18/10/2003,3,Kolkata,West Bengal,OBC,83,108,293,484,2026
NEET2024100873,Male,22/12/2007,4,Pune,Maharashtra,SC,60,66,126,252,2025
NEET2024100874,Female,21/09/2006,2,Thane,Maharashtra,SC,92,41,360,493,2024
NEET2026100875,Male,06/08/2000,1,Delhi,Delhi,ST,101,62,320,483,2023
NEET2026100876,Female,16/11/2001,2,Sangli,Maharashtra,SC,129,160,251,540,2025
NEET2025100877,Female,22/11/2005,1,Bengaluru,Karnataka,OBC,153,156,302,611,2024
NEET2025100878,Female,11/04/2002,4,Solapur,Maharashtra,EWS,90,131,171,392,2024
NEET2023100879,Female,12/03/2004,4,Aurangabad,Maharashtra,EWS,170,51,128,349,2025
NEET2025100880,Female,31/07/2002,4,Ratnagiri,Maharashtra,ST,40,149,322,511,2026
NEET2026100881,Male,02/08/2004,2,Kolhapur,Maharashtra,ST,157,111,199,467,2024
NEET2025100882,Male,23/12/2002,3,Delhi,Delhi,OBC,49,121,102,272,2023
NEET2024100883,Female,30/04/2001,2,Pune,Maharashtra,SC,122,39,339,500,2025
NEET2025100884,Male,24/05/2003,3,Bengaluru,Karnataka,SC,100,78,130,308,2025
NEET2026100885,Male,12/10/2008,4,Thane,Maharashtra,OBC,133,178,66,377,2024
NEET2026100886,Female,10/02/2008,3,Bengaluru,Karnataka,General,83,151,179,413,2025
NEET2026100887,Male,08/02/2002,3,Thane,Maharashtra,OBC,136,83,284,503,2024
NEET2025100888,Male,05/06/2003,4,Bengaluru,Karnataka,ST,32,157,241,430,2026
NEET2023100889,Male,21/07/2008,2,Hyderabad,Telangana,OBC,167,106,226,499,2025
NEET2024100890,Female,16/05/2006,1,Delhi,Delhi,EWS,176,130,255,561,2026
NEET2026100891,Female,10/02/2002,1,Solapur,Maharashtra,OBC,57,114,351,522,2023
NEET2023100892,Male,27/07/2007,2,Sangli,Maharashtra,General,75,38,310,423,2026
NEET2023100893,Female,08/03/2003,1,Nashik,Maharashtra,SC,89,104,328,521,2023
NEET2023100894,Male,04/12/2001,4,Kolhapur,Maharashtra,ST,135,130,140,405,2023
NEET2025100895,Female,12/05/2004,4,Kolkata,West Bengal,OBC,82,63,165,310,2025
NEET2024100896,Male,03/08/2006,2,Nashik,Maharashtra,ST,158,147,201,506,2023
NEET2026100897,Female,23/06/2004,4,Ratnagiri,Maharashtra,EWS,93,164,228,485,2023
NEET2025100898,Female,07/04/2008,2,Pune,Maharashtra,ST,103,146,237,486,2024
NEET2024100899,Male,05/01/2002,4,Kolkata,West Bengal,General,140,147,256,543,2024
NEET2024100900,Female,08/10/2001,4,Aurangabad,Maharashtra,EWS,167,104,94,365,2023
NEET2026100901,Female,19/02/2004,2,Pune,Maharashtra,SC,56,159,226,441,2024
NEET2026100902,Female,03/09/2005,3,Mumbai,Maharashtra,ST,148,36,97,281,2024
NEET2024100903,Female,12/06/2004,4,Mumbai,Maharashtra,ST,32,94,118,244,2026
NEET2024100904,Female,06/10/2000,3,Pune,Maharashtra,OBC,170,92,284,546,2024
NEET2023100905,Female,14/03/2000,2,Ratnagiri,Maharashtra,General,55,75,210,340,2023
NEET2024100906,Male,06/08/2007,1,Aurangabad,Maharashtra,EWS,69,142,243,454,2024
NEET2026100907,Female,15/12/2004,4,Bengaluru,Karnataka,General,42,163,112,317,2023
NEET2025100908,Male,18/07/2000,2,Hyderabad,Telangana,General,126,81,187,394,2023
NEET2023100909,Male,23/09/2004,1,Mumbai,Maharashtra,OBC,33,116,158,307,2024
NEET2025100910,Male,29/06/2000,2,Thane,Maharashtra,EWS,161,57,227,445,2026
NEET2025100911,Female,18/10/2004,2,Pune,Maharashtra,General,89,84,114,287,2026
NEET2026100912,Male,02/05/2007,1,Kolhapur,Maharashtra,SC,33,129,168,330,2025
NEET2026100913,Male,28/06/2000,2,Pune,Maharashtra,SC,85,135,214,434,2023
NEET2024100914,Female,23/09/2006,4,Kolhapur,Maharashtra,General,129,64,230,423,2025
NEET2024100915,Male,13/03/2000,2,Ratnagiri,Maharashtra,General,179,144,255,578,2023
NEET2023100916,Male,19/06/2003,3,Nashik,Maharashtra,ST,139,92,100,331,2025
NEET2024100917,Female,07/04/2002,3,Nagpur,Maharashtra,OBC,126,82,79,287,2025
NEET2025100918,Male,24/07/2003,2,Delhi,Delhi,SC,40,163,272,475,2025
NEET2024100919,Female,19/09/2002,3,Nashik,Maharashtra,OBC,168,43,187,398,2026
NEET2024100920,Male,23/01/2007,2,Mumbai,Maharashtra,OBC,46,155,95,296,2024
NEET2023100921,Female,10/01/2001,4,Nagpur,Maharashtra,SC,170,82,180,432,2024
NEET2024100922,Female,03/02/2008,3,Nashik,Maharashtra,EWS,92,138,150,380,2026
NEET2025100923,Female,16/02/2007,4,Nashik,Maharashtra,OBC,99,153,100,352,2026
NEET2026100924,Male,12/12/2004,4,Thane,Maharashtra,ST,159,140,139,438,2023
NEET2024100925,Female,05/07/2008,4,Kolkata,West Bengal,ST,106,167,138,411,2025
NEET2023100926,Female,31/01/2005,2,Aurangabad,Maharashtra,ST,126,173,306,605,2024
NEET2025100927,Female,25/09/2001,4,Kolkata,West Bengal,ST,78,31,66,175,2026
NEET2023100928,Female,28/04/2008,1,Kolhapur,Maharashtra,General,128,155,217,500,2026
NEET2025100929,Female,05/05/2006,3,Nagpur,Maharashtra,General,79,141,190,410,2026
NEET2023100930,Female,02/10/2004,1,Bengaluru,Karnataka,OBC,93,92,304,489,2025
NEET2024100931,Male,15/10/2006,1,Solapur,Maharashtra,General,67,95,186,348,2026
NEET2024100932,Female,16/06/2004,2,Bengaluru,Karnataka,ST,180,50,325,555,2025
NEET2025100933,Female,04/10/2007,1,Aurangabad,Maharashtra,General,158,166,255,579,2025
NEET2023100934,Male,07/08/2001,4,Aurangabad,Maharashtra,General,83,131,217,431,2023
NEET2025100935,Female,13/10/2000,2,Hyderabad,Telangana,OBC,136,164,273,573,2025
NEET2024100936,Male,02/02/2002,4,Bengaluru,Karnataka,EWS,64,80,309,453,2024
NEET2025100937,Female,30/01/2002,4,Nashik,Maharashtra,EWS,45,76,158,279,2023
NEET2026100938,Male,19/02/2007,3,Nagpur,Maharashtra,General,50,105,103,258,2025
NEET2023100939,Male,01/05/2000,1,Ratnagiri,Maharashtra,SC,90,152,308,550,2023
NEET2023100940,Female,18/06/2007,3,Ratnagiri,Maharashtra,ST,40,54,168,262,2026
NEET2025100941,Female,27/06/2008,2,Kolhapur,Maharashtra,SC,139,116,249,504,2026
NEET2023100942,Male,30/03/2004,4,Ratnagiri,Maharashtra,ST,44,121,229,394,2024
NEET2024100943,Female,15/04/2000,4,Ratnagiri,Maharashtra,EWS,61,165,203,429,2026
NEET2023100944,Female,10/10/2005,1,Thane,Maharashtra,SC,78,30,224,332,2026
NEET2025100945,Female,14/08/2002,4,Ratnagiri,Maharashtra,General,154,132,101,387,2026
NEET2023100946,Male,18/04/2003,4,Ratnagiri,Maharashtra,General,79,66,326,471,2025
NEET2023100947,Female,19/07/2007,2,Sangli,Maharashtra,OBC,149,73,288,510,2024
NEET2023100948,Male,29/11/2001,3,Hyderabad,Telangana,ST,52,57,282,391,2025
NEET2024100949,Female,21/06/2002,1,Bengaluru,Karnataka,SC,95,151,123,369,2024
NEET2026100950,Female,17/06/2006,2,Hyderabad,Telangana,OBC,46,117,253,416,2025
NEET2025100951,Male,18/04/2001,1,Aurangabad,Maharashtra,EWS,52,58,105,215,2025
NEET2023100952,Female,05/06/2001,1,Chennai,Tamil Nadu,EWS,110,127,355,592,2024
NEET2024100953,Male,08/05/2004,4,Thane,Maharashtra,General,111,123,124,358,2026
NEET2026100954,Male,18/07/2003,3,Nagpur,Maharashtra,OBC,105,86,315,506,2023
NEET2025100955,Female,19/09/2006,2,Kolhapur,Maharashtra,ST,109,158,123,390,2025
NEET2024100956,Male,24/11/2007,1,Thane,Maharashtra,OBC,45,115,138,298,2026
NEET2026100957,Female,27/02/2008,4,Thane,Maharashtra,ST,106,70,71,247,2025
NEET2025100958,Female,30/06/2008,2,Thane,Maharashtra,EWS,130,48,330,508,2026
NEET2025100959,Female,02/02/2001,2,Nagpur,Maharashtra,EWS,112,178,87,377,2024
NEET2024100960,Male,14/12/2004,2,Bengaluru,Karnataka,General,153,104,134,391,2025
NEET2026100961,Female,21/02/2008,2,Chennai,Tamil Nadu,General,177,56,135,368,2023
NEET2025100962,Female,27/12/2003,2,Solapur,Maharashtra,ST,75,43,120,238,2024
NEET2025100963,Male,19/05/2000,4,Pune,Maharashtra,General,91,131,310,532,2026
NEET2023100964,Male,17/04/2007,1,Thane,Maharashtra,General,100,143,248,491,2023
NEET2026100965,Female,26/06/2005,1,Delhi,Delhi,EWS,160,87,71,318,2024
NEET2024100966,Male,21/04/2004,3,Solapur,Maharashtra,General,141,106,352,599,2024
NEET2026100967,Male,18/07/2004,1,Chennai,Tamil Nadu,OBC,35,130,344,509,2023
NEET2026100968,Female,10/01/2002,1,Chennai,Tamil Nadu,General,76,31,344,451,2024
NEET2025100969,Male,13/06/2006,1,Nashik,Maharashtra,General,71,52,347,470,2025
NEET2024100970,Female,29/01/2004,1,Sangli,Maharashtra,EWS,73,138,60,271,2025
NEET2026100971,Female,23/05/2007,3,Sangli,Maharashtra,EWS,143,65,355,563,2024
NEET2024100972,Male,18/09/2007,3,Pune,Maharashtra,OBC,41,90,78,209,2024
NEET2024100973,Female,02/10/2006,1,Sangli,Maharashtra,EWS,85,121,202,408,2025
NEET2023100974,Female,03/12/2002,4,Thane,Maharashtra,OBC,71,132,293,496,2024
NEET2024100975,Female,16/10/2000,2,Delhi,Delhi,SC,98,79,250,427,2026
NEET2023100976,Male,01/04/2004,4,Mumbai,Maharashtra,General,93,49,198,340,2025
NEET2024100977,Male,07/03/2007,3,Pune,Maharashtra,General,122,115,199,436,2023
NEET2024100978,Female,24/03/2004,4,Nashik,Maharashtra,General,126,56,123,305,2025
NEET2023100979,Male,09/11/2007,2,Ratnagiri,Maharashtra,SC,102,171,198,471,2026
NEET2026100980,Male,10/01/2002,3,Kolhapur,Maharashtra,General,166,171,266,603,2024
NEET2025100981,Male,17/05/2007,3,Nagpur,Maharashtra,OBC,66,126,350,542,2026
NEET2026100982,Female,04/12/2007,3,Solapur,Maharashtra,ST,76,142,241,459,2024
NEET2025100983,Male,04/06/2003,1,Delhi,Delhi,General,52,108,268,428,2024
NEET2025100984,Female,18/01/2001,1,Nagpur,Maharashtra,ST,177,44,103,324,2024
NEET2026100985,Male,18/05/2005,2,Solapur,Maharashtra,General,161,166,123,450,2026
NEET2023100986,Female,17/11/2007,2,Sangli,Maharashtra,EWS,118,92,330,540,2024
NEET2025100987,Male,17/12/2001,4,Pune,Maharashtra,ST,123,64,323,510,2026
NEET2023100988,Female,29/11/2001,3,Kolhapur,Maharashtra,ST,58,116,187,361,2025
NEET2024100989,Female,20/12/2002,1,Nashik,Maharashtra,ST,30,175,261,466,2026
NEET2025100990,Female,23/08/2000,1,Kolhapur,Maharashtra,General,31,147,228,406,2025
NEET2023100991,Female,07/02/2008,4,Nagpur,Maharashtra,OBC,132,120,64,316,2023
NEET2026100992,Male,07/12/2005,2,Sangli,Maharashtra,SC,69,135,123,327,2024
NEET2026100993,Male,11/04/2005,3,Thane,Maharashtra,General,125,106,246,477,2026
NEET2025100994,Female,12/05/2007,1,Chennai,Tamil Nadu,SC,142,71,131,344,2024
NEET2026100995,Female,29/03/2001,3,Nashik,Maharashtra,General,102,40,128,270,2024
NEET2026100996,Female,21/06/2007,4,Nashik,Maharashtra,OBC,152,98,120,370,2025
NEET2024100997,Male,03/06/2008,1,Hyderabad,Telangana,General,132,158,259,549,2024
NEET2023100998,Female,29/09/2001,4,Kolhapur,Maharashtra,EWS,158,33,181,372,2023
NEET2023100999,Female,14/11/2004,2,Solapur,Maharashtra,EWS,104,102,308,514,2024
NEET2023101000,Female,06/03/2008,2,Sangli,Maharashtra,ST,77,93,203,373,2024
